Country,Happiness_Rank,Happiness_Score,Type,2019,2021
Afghanistan,149,2.523,Freedom to make life choices,0.0,0.0
Afghanistan,149,2.523,GDP per capita,0.0,0.37
Afghanistan,149,2.523,Generosity,0.0,0.122
Afghanistan,149,2.523,Healthy life expectancy,0.0,0.126
Afghanistan,149,2.523,Perceptions of corruption,0.0,0.01
Afghanistan,154,3.203,Freedom to make life choices,0.0,0.0
Afghanistan,154,3.203,GDP per capita,0.35,0.0
Afghanistan,154,3.203,Generosity,0.158,0.0
Afghanistan,154,3.203,Healthy life expectancy,0.361,0.0
Afghanistan,154,3.203,Perceptions of corruption,0.025,0.0
Albania,93,5.117,Freedom to make life choices,0.0,0.491
Albania,93,5.117,GDP per capita,0.0,1.008
Albania,93,5.117,Generosity,0.0,0.168
Albania,93,5.117,Healthy life expectancy,0.0,0.646
Albania,93,5.117,Perceptions of corruption,0.0,0.024
Albania,107,4.719,Freedom to make life choices,0.383,0.0
Albania,107,4.719,GDP per capita,0.947,0.0
Albania,107,4.719,Generosity,0.178,0.0
Albania,107,4.719,Healthy life expectancy,0.874,0.0
Albania,107,4.719,Perceptions of corruption,0.027,0.0
Algeria,88,5.211,Freedom to make life choices,0.086,0.0
Algeria,88,5.211,GDP per capita,1.002,0.0
Algeria,88,5.211,Generosity,0.073,0.0
Algeria,88,5.211,Healthy life expectancy,0.785,0.0
Algeria,88,5.211,Perceptions of corruption,0.114,0.0
Algeria,109,4.887,Freedom to make life choices,0.0,0.119
Algeria,109,4.887,GDP per capita,0.0,0.946
Algeria,109,4.887,Generosity,0.0,0.144
Algeria,109,4.887,Healthy life expectancy,0.0,0.552
Algeria,109,4.887,Perceptions of corruption,0.0,0.12
Argentina,47,6.086,Freedom to make life choices,0.471,0.0
Argentina,47,6.086,GDP per capita,1.092,0.0
Argentina,47,6.086,Generosity,0.066,0.0
Argentina,47,6.086,Healthy life expectancy,0.881,0.0
Argentina,47,6.086,Perceptions of corruption,0.05,0.0
Argentina,57,5.929,Freedom to make life choices,0.0,0.544
Argentina,57,5.929,GDP per capita,0.0,1.162
Argentina,57,5.929,Generosity,0.0,0.069
Argentina,57,5.929,Healthy life expectancy,0.0,0.646
Argentina,57,5.929,Perceptions of corruption,0.0,0.067
Armenia,86,5.283,Freedom to make life choices,0.0,0.54
Armenia,86,5.283,GDP per capita,0.0,0.996
Armenia,86,5.283,Generosity,0.0,0.079
Armenia,86,5.283,Healthy life expectancy,0.0,0.585
Armenia,86,5.283,Perceptions of corruption,0.0,0.198
Armenia,116,4.559,Freedom to make life choices,0.283,0.0
Armenia,116,4.559,GDP per capita,0.85,0.0
Armenia,116,4.559,Generosity,0.095,0.0
Armenia,116,4.559,Healthy life expectancy,0.815,0.0
Armenia,116,4.559,Perceptions of corruption,0.064,0.0
Australia,11,7.183,Freedom to make life choices,0.0,0.647
Australia,11,7.183,GDP per capita,0.0,1.453
Australia,11,7.183,Generosity,0.0,0.291
Australia,11,7.183,Healthy life expectancy,0.0,0.801
Australia,11,7.183,Perceptions of corruption,0.0,0.317
Australia,11,7.228,Freedom to make life choices,0.557,0.0
Australia,11,7.228,GDP per capita,1.372,0.0
Australia,11,7.228,Generosity,0.332,0.0
Australia,11,7.228,Healthy life expectancy,1.036,0.0
Australia,11,7.228,Perceptions of corruption,0.29,0.0
Austria,10,7.246,Freedom to make life choices,0.532,0.0
Austria,10,7.246,GDP per capita,1.376,0.0
Austria,10,7.246,Generosity,0.244,0.0
Austria,10,7.246,Healthy life expectancy,1.016,0.0
Austria,10,7.246,Perceptions of corruption,0.226,0.0
Austria,10,7.268,Freedom to make life choices,0.0,0.64
Austria,10,7.268,GDP per capita,0.0,1.492
Austria,10,7.268,Generosity,0.0,0.215
Austria,10,7.268,Healthy life expectancy,0.0,0.782
Austria,10,7.268,Perceptions of corruption,0.0,0.292
Azerbaijan,90,5.171,Freedom to make life choices,0.0,0.526
Azerbaijan,90,5.171,GDP per capita,0.0,1.025
Azerbaijan,90,5.171,Generosity,0.0,0.043
Azerbaijan,90,5.171,Healthy life expectancy,0.0,0.541
Azerbaijan,90,5.171,Perceptions of corruption,0.0,0.276
Azerbaijan,90,5.208,Freedom to make life choices,0.351,0.0
Azerbaijan,90,5.208,GDP per capita,1.043,0.0
Azerbaijan,90,5.208,Generosity,0.035,0.0
Azerbaijan,90,5.208,Healthy life expectancy,0.769,0.0
Azerbaijan,90,5.208,Perceptions of corruption,0.182,0.0
Bahrain,22,6.647,Freedom to make life choices,0.0,0.661
Bahrain,22,6.647,GDP per capita,0.0,1.409
Bahrain,22,6.647,Generosity,0.0,0.246
Bahrain,22,6.647,Healthy life expectancy,0.0,0.662
Bahrain,22,6.647,Perceptions of corruption,0.0,0.139
Bahrain,37,6.199,Freedom to make life choices,0.536,0.0
Bahrain,37,6.199,GDP per capita,1.362,0.0
Bahrain,37,6.199,Generosity,0.255,0.0
Bahrain,37,6.199,Healthy life expectancy,0.871,0.0
Bahrain,37,6.199,Perceptions of corruption,0.11,0.0
Bangladesh,101,5.025,Freedom to make life choices,0.0,0.603
Bangladesh,101,5.025,GDP per capita,0.0,0.635
Bangladesh,101,5.025,Generosity,0.0,0.161
Bangladesh,101,5.025,Healthy life expectancy,0.0,0.514
Bangladesh,101,5.025,Perceptions of corruption,0.0,0.164
Bangladesh,125,4.456,Freedom to make life choices,0.527,0.0
Bangladesh,125,4.456,GDP per capita,0.562,0.0
Bangladesh,125,4.456,Generosity,0.166,0.0
Bangladesh,125,4.456,Healthy life expectancy,0.723,0.0
Bangladesh,125,4.456,Perceptions of corruption,0.143,0.0
Belarus,75,5.534,Freedom to make life choices,0.0,0.326
Belarus,75,5.534,GDP per capita,0.0,1.124
Belarus,75,5.534,Generosity,0.0,0.07
Belarus,75,5.534,Healthy life expectancy,0.0,0.56
Belarus,75,5.534,Perceptions of corruption,0.0,0.199
Belarus,81,5.323,Freedom to make life choices,0.235,0.0
Belarus,81,5.323,GDP per capita,1.067,0.0
Belarus,81,5.323,Generosity,0.094,0.0
Belarus,81,5.323,Healthy life expectancy,0.789,0.0
Belarus,81,5.323,Perceptions of corruption,0.142,0.0
Belgium,18,6.923,Freedom to make life choices,0.473,0.0
Belgium,18,6.923,GDP per capita,1.356,0.0
Belgium,18,6.923,Generosity,0.16,0.0
Belgium,18,6.923,Healthy life expectancy,0.986,0.0
Belgium,18,6.923,Perceptions of corruption,0.21,0.0
Belgium,20,6.834,Freedom to make life choices,0.0,0.489
Belgium,20,6.834,GDP per capita,0.0,1.463
Belgium,20,6.834,Generosity,0.0,0.088
Belgium,20,6.834,Healthy life expectancy,0.0,0.747
Belgium,20,6.834,Perceptions of corruption,0.0,0.187
Benin,99,5.045,Freedom to make life choices,0.0,0.457
Benin,99,5.045,GDP per capita,0.0,0.507
Benin,99,5.045,Generosity,0.0,0.166
Benin,99,5.045,Healthy life expectancy,0.0,0.196
Benin,99,5.045,Perceptions of corruption,0.0,0.178
Benin,102,4.883,Freedom to make life choices,0.349,0.0
Benin,102,4.883,GDP per capita,0.393,0.0
Benin,102,4.883,Generosity,0.175,0.0
Benin,102,4.883,Healthy life expectancy,0.397,0.0
Benin,102,4.883,Perceptions of corruption,0.082,0.0
Bhutan,95,5.082,Freedom to make life choices,0.457,0.0
Bhutan,95,5.082,GDP per capita,0.813,0.0
Bhutan,95,5.082,Generosity,0.37,0.0
Bhutan,95,5.082,Healthy life expectancy,0.604,0.0
Bhutan,95,5.082,Perceptions of corruption,0.167,0.0
Bolivia,61,5.779,Freedom to make life choices,0.511,0.0
Bolivia,61,5.779,GDP per capita,0.776,0.0
Bolivia,61,5.779,Generosity,0.137,0.0
Bolivia,61,5.779,Healthy life expectancy,0.706,0.0
Bolivia,61,5.779,Perceptions of corruption,0.064,0.0
Bolivia,69,5.716,Freedom to make life choices,0.0,0.6
Bolivia,69,5.716,GDP per capita,0.0,0.842
Bolivia,69,5.716,Generosity,0.0,0.138
Bolivia,69,5.716,Healthy life expectancy,0.0,0.486
Bolivia,69,5.716,Perceptions of corruption,0.0,0.064
Bosnia and Herzegovina,64,5.813,Freedom to make life choices,0.0,0.395
Bosnia and Herzegovina,64,5.813,GDP per capita,0.0,1.032
Bosnia and Herzegovina,64,5.813,Generosity,0.0,0.261
Bosnia and Herzegovina,64,5.813,Healthy life expectancy,0.0,0.618
Bosnia and Herzegovina,64,5.813,Perceptions of corruption,0.0,0.005
Bosnia and Herzegovina,78,5.386,Freedom to make life choices,0.212,0.0
Bosnia and Herzegovina,78,5.386,GDP per capita,0.945,0.0
Bosnia and Herzegovina,78,5.386,Generosity,0.263,0.0
Bosnia and Herzegovina,78,5.386,Healthy life expectancy,0.845,0.0
Bosnia and Herzegovina,78,5.386,Perceptions of corruption,0.006,0.0
Botswana,146,3.467,Freedom to make life choices,0.0,0.539
Botswana,146,3.467,GDP per capita,0.0,1.099
Botswana,146,3.467,Generosity,0.0,0.027
Botswana,146,3.467,Healthy life expectancy,0.0,0.34
Botswana,146,3.467,Perceptions of corruption,0.0,0.088
Botswana,148,3.488,Freedom to make life choices,0.455,0.0
Botswana,148,3.488,GDP per capita,1.041,0.0
Botswana,148,3.488,Generosity,0.025,0.0
Botswana,148,3.488,Healthy life expectancy,0.538,0.0
Botswana,148,3.488,Perceptions of corruption,0.1,0.0
Brazil,32,6.3,Freedom to make life choices,0.39,0.0
Brazil,32,6.3,GDP per capita,1.004,0.0
Brazil,32,6.3,Generosity,0.099,0.0
Brazil,32,6.3,Healthy life expectancy,0.802,0.0
Brazil,32,6.3,Perceptions of corruption,0.086,0.0
Brazil,35,6.33,Freedom to make life choices,0.0,0.514
Brazil,35,6.33,GDP per capita,0.0,1.028
Brazil,35,6.33,Generosity,0.0,0.142
Brazil,35,6.33,Healthy life expectancy,0.0,0.571
Brazil,35,6.33,Perceptions of corruption,0.0,0.117
Bulgaria,88,5.266,Freedom to make life choices,0.0,0.494
Bulgaria,88,5.266,GDP per capita,0.0,1.181
Bulgaria,88,5.266,Generosity,0.0,0.125
Bulgaria,88,5.266,Healthy life expectancy,0.0,0.583
Bulgaria,88,5.266,Perceptions of corruption,0.0,0.005
Bulgaria,97,5.011,Freedom to make life choices,0.311,0.0
Bulgaria,97,5.011,GDP per capita,1.092,0.0
Bulgaria,97,5.011,Generosity,0.081,0.0
Bulgaria,97,5.011,Healthy life expectancy,0.815,0.0
Bulgaria,97,5.011,Perceptions of corruption,0.004,0.0
Burkina Faso,113,4.834,Freedom to make life choices,0.0,0.381
Burkina Faso,113,4.834,GDP per capita,0.0,0.364
Burkina Faso,113,4.834,Generosity,0.0,0.182
Burkina Faso,113,4.834,Healthy life expectancy,0.0,0.179
Burkina Faso,113,4.834,Perceptions of corruption,0.0,0.122
Burkina Faso,115,4.587,Freedom to make life choices,0.255,0.0
Burkina Faso,115,4.587,GDP per capita,0.331,0.0
Burkina Faso,115,4.587,Generosity,0.177,0.0
Burkina Faso,115,4.587,Healthy life expectancy,0.38,0.0
Burkina Faso,115,4.587,Perceptions of corruption,0.113,0.0
Burundi,140,3.775,Freedom to make life choices,0.0,0.298
Burundi,140,3.775,GDP per capita,0.0,0.0
Burundi,140,3.775,Generosity,0.0,0.172
Burundi,140,3.775,Healthy life expectancy,0.0,0.155
Burundi,140,3.775,Perceptions of corruption,0.0,0.212
Burundi,145,3.775,Freedom to make life choices,0.22,0.0
Burundi,145,3.775,GDP per capita,0.046,0.0
Burundi,145,3.775,Generosity,0.176,0.0
Burundi,145,3.775,Healthy life expectancy,0.38,0.0
Burundi,145,3.775,Perceptions of corruption,0.18,0.0
Cambodia,109,4.7,Freedom to make life choices,0.609,0.0
Cambodia,109,4.7,GDP per capita,0.574,0.0
Cambodia,109,4.7,Generosity,0.232,0.0
Cambodia,109,4.7,Healthy life expectancy,0.637,0.0
Cambodia,109,4.7,Perceptions of corruption,0.062,0.0
Cambodia,114,4.83,Freedom to make life choices,0.0,0.702
Cambodia,114,4.83,GDP per capita,0.0,0.603
Cambodia,114,4.83,Generosity,0.0,0.21
Cambodia,114,4.83,Healthy life expectancy,0.0,0.426
Cambodia,114,4.83,Perceptions of corruption,0.0,0.061
Cameroon,91,5.142,Freedom to make life choices,0.0,0.425
Cameroon,91,5.142,GDP per capita,0.0,0.543
Cameroon,91,5.142,Generosity,0.0,0.205
Cameroon,91,5.142,Healthy life expectancy,0.0,0.159
Cameroon,91,5.142,Perceptions of corruption,0.0,0.058
Cameroon,96,5.044,Freedom to make life choices,0.381,0.0
Cameroon,96,5.044,GDP per capita,0.549,0.0
Cameroon,96,5.044,Generosity,0.187,0.0
Cameroon,96,5.044,Healthy life expectancy,0.331,0.0
Cameroon,96,5.044,Perceptions of corruption,0.037,0.0
Canada,9,7.278,Freedom to make life choices,0.584,0.0
Canada,9,7.278,GDP per capita,1.365,0.0
Canada,9,7.278,Generosity,0.285,0.0
Canada,9,7.278,Healthy life expectancy,1.039,0.0
Canada,9,7.278,Perceptions of corruption,0.308,0.0
Canada,14,7.103,Freedom to make life choices,0.0,0.648
Canada,14,7.103,GDP per capita,0.0,1.447
Canada,14,7.103,Generosity,0.0,0.246
Canada,14,7.103,Healthy life expectancy,0.0,0.798
Canada,14,7.103,Perceptions of corruption,0.0,0.335
Central African Republic,155,3.083,Freedom to make life choices,0.225,0.0
Central African Republic,155,3.083,GDP per capita,0.026,0.0
Central African Republic,155,3.083,Generosity,0.235,0.0
Central African Republic,155,3.083,Healthy life expectancy,0.105,0.0
Central African Republic,155,3.083,Perceptions of corruption,0.035,0.0
Chad,128,4.355,Freedom to make life choices,0.0,0.24
Chad,128,4.355,GDP per capita,0.0,0.255
Chad,128,4.355,Generosity,0.0,0.215
Chad,128,4.355,Healthy life expectancy,0.0,0.0
Chad,128,4.355,Perceptions of corruption,0.0,0.084
Chad,132,4.35,Freedom to make life choices,0.174,0.0
Chad,132,4.35,GDP per capita,0.35,0.0
Chad,132,4.35,Generosity,0.198,0.0
Chad,132,4.35,Healthy life expectancy,0.192,0.0
Chad,132,4.35,Perceptions of corruption,0.078,0.0
Chile,26,6.444,Freedom to make life choices,0.357,0.0
Chile,26,6.444,GDP per capita,1.159,0.0
Chile,26,6.444,Generosity,0.187,0.0
Chile,26,6.444,Healthy life expectancy,0.92,0.0
Chile,26,6.444,Perceptions of corruption,0.056,0.0
Chile,43,6.172,Freedom to make life choices,0.0,0.438
Chile,43,6.172,GDP per capita,0.0,1.2
Chile,43,6.172,Generosity,0.0,0.159
Chile,43,6.172,Healthy life expectancy,0.0,0.678
Chile,43,6.172,Perceptions of corruption,0.0,0.07
China,84,5.339,Freedom to make life choices,0.0,0.636
China,84,5.339,GDP per capita,0.0,1.061
China,84,5.339,Generosity,0.0,0.093
China,84,5.339,Healthy life expectancy,0.0,0.665
China,84,5.339,Perceptions of corruption,0.0,0.117
China,93,5.191,Freedom to make life choices,0.521,0.0
China,93,5.191,GDP per capita,1.029,0.0
China,93,5.191,Generosity,0.058,0.0
China,93,5.191,Healthy life expectancy,0.893,0.0
China,93,5.191,Perceptions of corruption,0.1,0.0
Colombia,43,6.125,Freedom to make life choices,0.47,0.0
Colombia,43,6.125,GDP per capita,0.985,0.0
Colombia,43,6.125,Generosity,0.099,0.0
Colombia,43,6.125,Healthy life expectancy,0.841,0.0
Colombia,43,6.125,Perceptions of corruption,0.034,0.0
Colombia,52,6.012,Freedom to make life choices,0.0,0.554
Colombia,52,6.012,GDP per capita,0.0,1.021
Colombia,52,6.012,Generosity,0.0,0.1
Colombia,52,6.012,Healthy life expectancy,0.0,0.615
Colombia,52,6.012,Perceptions of corruption,0.0,0.063
Comoros,131,4.289,Freedom to make life choices,0.0,0.202
Comoros,131,4.289,GDP per capita,0.0,0.488
Comoros,131,4.289,Generosity,0.0,0.241
Comoros,131,4.289,Healthy life expectancy,0.0,0.279
Comoros,131,4.289,Perceptions of corruption,0.0,0.101
Comoros,142,3.973,Freedom to make life choices,0.142,0.0
Comoros,142,3.973,GDP per capita,0.274,0.0
Comoros,142,3.973,Generosity,0.275,0.0
Comoros,142,3.973,Healthy life expectancy,0.505,0.0
Comoros,142,3.973,Perceptions of corruption,0.078,0.0
Congo (Brazzaville),83,5.342,Freedom to make life choices,0.0,0.381
Congo (Brazzaville),83,5.342,GDP per capita,0.0,0.518
Congo (Brazzaville),83,5.342,Generosity,0.0,0.144
Congo (Brazzaville),83,5.342,Healthy life expectancy,0.0,0.307
Congo (Brazzaville),83,5.342,Perceptions of corruption,0.0,0.124
Congo (Brazzaville),103,4.812,Freedom to make life choices,0.372,0.0
Congo (Brazzaville),103,4.812,GDP per capita,0.673,0.0
Congo (Brazzaville),103,4.812,Generosity,0.105,0.0
Congo (Brazzaville),103,4.812,Healthy life expectancy,0.508,0.0
Congo (Brazzaville),103,4.812,Perceptions of corruption,0.093,0.0
Congo (Kinshasa),127,4.418,Freedom to make life choices,0.269,0.0
Congo (Kinshasa),127,4.418,GDP per capita,0.094,0.0
Congo (Kinshasa),127,4.418,Generosity,0.212,0.0
Congo (Kinshasa),127,4.418,Healthy life expectancy,0.357,0.0
Congo (Kinshasa),127,4.418,Perceptions of corruption,0.053,0.0
Costa Rica,12,7.167,Freedom to make life choices,0.558,0.0
Costa Rica,12,7.167,GDP per capita,1.034,0.0
Costa Rica,12,7.167,Generosity,0.144,0.0
Costa Rica,12,7.167,Healthy life expectancy,0.963,0.0
Costa Rica,12,7.167,Perceptions of corruption,0.093,0.0
Costa Rica,16,7.069,Freedom to make life choices,0.0,0.673
Costa Rica,16,7.069,GDP per capita,0.0,1.134
Costa Rica,16,7.069,Generosity,0.0,0.105
Costa Rica,16,7.069,Healthy life expectancy,0.0,0.722
Costa Rica,16,7.069,Perceptions of corruption,0.0,0.083
Croatia,60,5.882,Freedom to make life choices,0.0,0.453
Croatia,60,5.882,GDP per capita,0.0,1.251
Croatia,60,5.882,Generosity,0.0,0.111
Croatia,60,5.882,Healthy life expectancy,0.0,0.703
Croatia,60,5.882,Perceptions of corruption,0.0,0.0
Croatia,75,5.432,Freedom to make life choices,0.296,0.0
Croatia,75,5.432,GDP per capita,1.155,0.0
Croatia,75,5.432,Generosity,0.119,0.0
Croatia,75,5.432,Healthy life expectancy,0.914,0.0
Croatia,75,5.432,Perceptions of corruption,0.022,0.0
Cyprus,39,6.223,Freedom to make life choices,0.0,0.464
Cyprus,39,6.223,GDP per capita,0.0,1.377
Cyprus,39,6.223,Generosity,0.0,0.178
Cyprus,39,6.223,Healthy life expectancy,0.0,0.801
Cyprus,39,6.223,Perceptions of corruption,0.0,0.061
Cyprus,49,6.046,Freedom to make life choices,0.406,0.0
Cyprus,49,6.046,GDP per capita,1.263,0.0
Cyprus,49,6.046,Generosity,0.19,0.0
Cyprus,49,6.046,Healthy life expectancy,1.042,0.0
Cyprus,49,6.046,Perceptions of corruption,0.041,0.0
Czech Republic,18,6.965,Freedom to make life choices,0.0,0.58
Czech Republic,18,6.965,GDP per capita,0.0,1.37
Czech Republic,18,6.965,Generosity,0.0,0.052
Czech Republic,18,6.965,Healthy life expectancy,0.0,0.703
Czech Republic,18,6.965,Perceptions of corruption,0.0,0.046
Czech Republic,20,6.852,Freedom to make life choices,0.457,0.0
Czech Republic,20,6.852,GDP per capita,1.269,0.0
Czech Republic,20,6.852,Generosity,0.046,0.0
Czech Republic,20,6.852,Healthy life expectancy,0.92,0.0
Czech Republic,20,6.852,Perceptions of corruption,0.036,0.0
Denmark,2,7.6,Freedom to make life choices,0.592,0.0
Denmark,2,7.6,GDP per capita,1.383,0.0
Denmark,2,7.6,Generosity,0.252,0.0
Denmark,2,7.6,Healthy life expectancy,0.996,0.0
Denmark,2,7.6,Perceptions of corruption,0.41,0.0
Denmark,2,7.62,Freedom to make life choices,0.0,0.686
Denmark,2,7.62,GDP per capita,0.0,1.502
Denmark,2,7.62,Generosity,0.0,0.208
Denmark,2,7.62,Healthy life expectancy,0.0,0.763
Denmark,2,7.62,Perceptions of corruption,0.0,0.485
Dominican Republic,73,5.545,Freedom to make life choices,0.0,0.581
Dominican Republic,73,5.545,GDP per capita,0.0,1.106
Dominican Republic,73,5.545,Generosity,0.0,0.101
Dominican Republic,73,5.545,Healthy life expectancy,0.0,0.555
Dominican Republic,73,5.545,Perceptions of corruption,0.0,0.144
Dominican Republic,77,5.425,Freedom to make life choices,0.497,0.0
Dominican Republic,77,5.425,GDP per capita,1.015,0.0
Dominican Republic,77,5.425,Generosity,0.113,0.0
Dominican Republic,77,5.425,Healthy life expectancy,0.779,0.0
Dominican Republic,77,5.425,Perceptions of corruption,0.101,0.0
Ecuador,50,6.028,Freedom to make life choices,0.498,0.0
Ecuador,50,6.028,GDP per capita,0.912,0.0
Ecuador,50,6.028,Generosity,0.126,0.0
Ecuador,50,6.028,Healthy life expectancy,0.868,0.0
Ecuador,50,6.028,Perceptions of corruption,0.087,0.0
Ecuador,66,5.764,Freedom to make life choices,0.0,0.56
Ecuador,66,5.764,GDP per capita,0.0,0.935
Ecuador,66,5.764,Generosity,0.0,0.107
Ecuador,66,5.764,Healthy life expectancy,0.0,0.64
Ecuador,66,5.764,Perceptions of corruption,0.0,0.062
Egypt,132,4.283,Freedom to make life choices,0.0,0.446
Egypt,132,4.283,GDP per capita,0.0,0.954
Egypt,132,4.283,Generosity,0.0,0.069
Egypt,132,4.283,Healthy life expectancy,0.0,0.426
Egypt,132,4.283,Perceptions of corruption,0.0,0.092
Egypt,137,4.166,Freedom to make life choices,0.241,0.0
Egypt,137,4.166,GDP per capita,0.913,0.0
Egypt,137,4.166,Generosity,0.076,0.0
Egypt,137,4.166,Healthy life expectancy,0.644,0.0
Egypt,137,4.166,Perceptions of corruption,0.067,0.0
El Salvador,35,6.253,Freedom to make life choices,0.43,0.0
El Salvador,35,6.253,GDP per capita,0.794,0.0
El Salvador,35,6.253,Generosity,0.093,0.0
El Salvador,35,6.253,Healthy life expectancy,0.789,0.0
El Salvador,35,6.253,Perceptions of corruption,0.074,0.0
El Salvador,49,6.061,Freedom to make life choices,0.0,0.615
El Salvador,49,6.061,GDP per capita,0.0,0.845
El Salvador,49,6.061,Generosity,0.0,0.116
El Salvador,49,6.061,Healthy life expectancy,0.0,0.565
El Salvador,49,6.061,Perceptions of corruption,0.0,0.16
Estonia,40,6.189,Freedom to make life choices,0.0,0.641
Estonia,40,6.189,GDP per capita,0.0,1.344
Estonia,40,6.189,Generosity,0.0,0.119
Estonia,40,6.189,Healthy life expectancy,0.0,0.64
Estonia,40,6.189,Perceptions of corruption,0.0,0.263
Estonia,55,5.893,Freedom to make life choices,0.495,0.0
Estonia,55,5.893,GDP per capita,1.237,0.0
Estonia,55,5.893,Generosity,0.103,0.0
Estonia,55,5.893,Healthy life expectancy,0.874,0.0
Estonia,55,5.893,Perceptions of corruption,0.161,0.0
Ethiopia,133,4.275,Freedom to make life choices,0.0,0.451
Ethiopia,133,4.275,GDP per capita,0.0,0.37
Ethiopia,133,4.275,Generosity,0.0,0.241
Ethiopia,133,4.275,Healthy life expectancy,0.0,0.331
Ethiopia,133,4.275,Perceptions of corruption,0.0,0.114
Ethiopia,134,4.286,Freedom to make life choices,0.344,0.0
Ethiopia,134,4.286,GDP per capita,0.336,0.0
Ethiopia,134,4.286,Generosity,0.209,0.0
Ethiopia,134,4.286,Healthy life expectancy,0.532,0.0
Ethiopia,134,4.286,Perceptions of corruption,0.1,0.0
Finland,1,7.769,Freedom to make life choices,0.596,0.0
Finland,1,7.769,GDP per capita,1.34,0.0
Finland,1,7.769,Generosity,0.153,0.0
Finland,1,7.769,Healthy life expectancy,0.986,0.0
Finland,1,7.769,Perceptions of corruption,0.393,0.0
Finland,1,7.842,Freedom to make life choices,0.0,0.691
Finland,1,7.842,GDP per capita,0.0,1.446
Finland,1,7.842,Generosity,0.0,0.124
Finland,1,7.842,Healthy life expectancy,0.0,0.741
Finland,1,7.842,Perceptions of corruption,0.0,0.481
France,21,6.69,Freedom to make life choices,0.0,0.536
France,21,6.69,GDP per capita,0.0,1.421
France,21,6.69,Generosity,0.0,0.092
France,21,6.69,Healthy life expectancy,0.0,0.804
France,21,6.69,Perceptions of corruption,0.0,0.235
France,24,6.592,Freedom to make life choices,0.436,0.0
France,24,6.592,GDP per capita,1.324,0.0
France,24,6.592,Generosity,0.111,0.0
France,24,6.592,Healthy life expectancy,1.045,0.0
France,24,6.592,Perceptions of corruption,0.183,0.0
Gabon,104,4.799,Freedom to make life choices,0.295,0.0
Gabon,104,4.799,GDP per capita,1.057,0.0
Gabon,104,4.799,Generosity,0.043,0.0
Gabon,104,4.799,Healthy life expectancy,0.571,0.0
Gabon,104,4.799,Perceptions of corruption,0.055,0.0
Gabon,112,4.852,Freedom to make life choices,0.0,0.424
Gabon,112,4.852,GDP per capita,0.0,1.037
Gabon,112,4.852,Generosity,0.0,0.058
Gabon,112,4.852,Healthy life expectancy,0.0,0.362
Gabon,112,4.852,Perceptions of corruption,0.0,0.064
Gambia,98,5.051,Freedom to make life choices,0.0,0.384
Gambia,98,5.051,GDP per capita,0.0,0.367
Gambia,98,5.051,Generosity,0.0,0.465
Gambia,98,5.051,Healthy life expectancy,0.0,0.21
Gambia,98,5.051,Perceptions of corruption,0.0,0.123
Gambia,120,4.516,Freedom to make life choices,0.382,0.0
Gambia,120,4.516,GDP per capita,0.308,0.0
Gambia,120,4.516,Generosity,0.269,0.0
Gambia,120,4.516,Healthy life expectancy,0.428,0.0
Gambia,120,4.516,Perceptions of corruption,0.167,0.0
Georgia,108,4.891,Freedom to make life choices,0.0,0.488
Georgia,108,4.891,GDP per capita,0.0,1.03
Georgia,108,4.891,Generosity,0.0,0.032
Georgia,108,4.891,Healthy life expectancy,0.0,0.498
Georgia,108,4.891,Perceptions of corruption,0.0,0.181
Georgia,119,4.519,Freedom to make life choices,0.346,0.0
Georgia,119,4.519,GDP per capita,0.886,0.0
Georgia,119,4.519,Generosity,0.043,0.0
Georgia,119,4.519,Healthy life expectancy,0.752,0.0
Georgia,119,4.519,Perceptions of corruption,0.164,0.0
Germany,13,7.155,Freedom to make life choices,0.0,0.6
Germany,13,7.155,GDP per capita,0.0,1.48
Germany,13,7.155,Generosity,0.0,0.195
Germany,13,7.155,Healthy life expectancy,0.0,0.757
Germany,13,7.155,Perceptions of corruption,0.0,0.306
Germany,17,6.985,Freedom to make life choices,0.495,0.0
Germany,17,6.985,GDP per capita,1.373,0.0
Germany,17,6.985,Generosity,0.261,0.0
Germany,17,6.985,Healthy life expectancy,0.987,0.0
Germany,17,6.985,Perceptions of corruption,0.265,0.0
Ghana,95,5.088,Freedom to make life choices,0.0,0.517
Ghana,95,5.088,GDP per capita,0.0,0.68
Ghana,95,5.088,Generosity,0.0,0.268
Ghana,95,5.088,Healthy life expectancy,0.0,0.287
Ghana,95,5.088,Perceptions of corruption,0.0,0.058
Ghana,98,4.996,Freedom to make life choices,0.381,0.0
Ghana,98,4.996,GDP per capita,0.611,0.0
Ghana,98,4.996,Generosity,0.245,0.0
Ghana,98,4.996,Healthy life expectancy,0.486,0.0
Ghana,98,4.996,Perceptions of corruption,0.04,0.0
Greece,68,5.723,Freedom to make life choices,0.0,0.243
Greece,68,5.723,GDP per capita,0.0,1.273
Greece,68,5.723,Generosity,0.0,0.0
Greece,68,5.723,Healthy life expectancy,0.0,0.76
Greece,68,5.723,Perceptions of corruption,0.0,0.074
Greece,82,5.287,Freedom to make life choices,0.067,0.0
Greece,82,5.287,GDP per capita,1.181,0.0
Greece,82,5.287,Generosity,0.0,0.0
Greece,82,5.287,Healthy life expectancy,0.999,0.0
Greece,82,5.287,Perceptions of corruption,0.034,0.0
Guatemala,27,6.436,Freedom to make life choices,0.535,0.0
Guatemala,27,6.436,GDP per capita,0.8,0.0
Guatemala,27,6.436,Generosity,0.175,0.0
Guatemala,27,6.436,Healthy life expectancy,0.746,0.0
Guatemala,27,6.436,Perceptions of corruption,0.078,0.0
Guatemala,30,6.435,Freedom to make life choices,0.0,0.638
Guatemala,30,6.435,GDP per capita,0.0,0.845
Guatemala,30,6.435,Generosity,0.0,0.163
Guatemala,30,6.435,Healthy life expectancy,0.0,0.519
Guatemala,30,6.435,Perceptions of corruption,0.0,0.105
Guinea,102,4.984,Freedom to make life choices,0.0,0.384
Guinea,102,4.984,GDP per capita,0.0,0.42
Guinea,102,4.984,Generosity,0.0,0.25
Guinea,102,4.984,Healthy life expectancy,0.0,0.206
Guinea,102,4.984,Perceptions of corruption,0.0,0.111
Guinea,118,4.534,Freedom to make life choices,0.332,0.0
Guinea,118,4.534,GDP per capita,0.38,0.0
Guinea,118,4.534,Generosity,0.207,0.0
Guinea,118,4.534,Healthy life expectancy,0.375,0.0
Guinea,118,4.534,Perceptions of corruption,0.086,0.0
Haiti,143,3.615,Freedom to make life choices,0.0,0.257
Haiti,143,3.615,GDP per capita,0.0,0.294
Haiti,143,3.615,Generosity,0.0,0.463
Haiti,143,3.615,Healthy life expectancy,0.0,0.227
Haiti,143,3.615,Perceptions of corruption,0.0,0.139
Haiti,147,3.597,Freedom to make life choices,0.026,0.0
Haiti,147,3.597,GDP per capita,0.323,0.0
Haiti,147,3.597,Generosity,0.419,0.0
Haiti,147,3.597,Healthy life expectancy,0.449,0.0
Haiti,147,3.597,Perceptions of corruption,0.11,0.0
Honduras,59,5.86,Freedom to make life choices,0.507,0.0
Honduras,59,5.86,GDP per capita,0.642,0.0
Honduras,59,5.86,Generosity,0.246,0.0
Honduras,59,5.86,Healthy life expectancy,0.828,0.0
Honduras,59,5.86,Perceptions of corruption,0.078,0.0
Honduras,59,5.919,Freedom to make life choices,0.0,0.578
Honduras,59,5.919,GDP per capita,0.0,0.703
Honduras,59,5.919,Generosity,0.0,0.241
Honduras,59,5.919,Healthy life expectancy,0.0,0.593
Honduras,59,5.919,Perceptions of corruption,0.0,0.083
Hong Kong,76,5.43,Freedom to make life choices,0.44,0.0
Hong Kong,76,5.43,GDP per capita,1.438,0.0
Hong Kong,76,5.43,Generosity,0.258,0.0
Hong Kong,76,5.43,Healthy life expectancy,1.122,0.0
Hong Kong,76,5.43,Perceptions of corruption,0.287,0.0
Hong Kong S.A.R. of China,77,5.477,Freedom to make life choices,0.0,0.408
Hong Kong S.A.R. of China,77,5.477,GDP per capita,0.0,1.525
Hong Kong S.A.R. of China,77,5.477,Generosity,0.0,0.232
Hong Kong S.A.R. of China,77,5.477,Healthy life expectancy,0.0,0.893
Hong Kong S.A.R. of China,77,5.477,Perceptions of corruption,0.0,0.342
Hungary,53,5.992,Freedom to make life choices,0.0,0.454
Hungary,53,5.992,GDP per capita,0.0,1.301
Hungary,53,5.992,Generosity,0.0,0.067
Hungary,53,5.992,Healthy life expectancy,0.0,0.615
Hungary,53,5.992,Perceptions of corruption,0.0,0.04
Hungary,62,5.758,Freedom to make life choices,0.199,0.0
Hungary,62,5.758,GDP per capita,1.201,0.0
Hungary,62,5.758,Generosity,0.081,0.0
Hungary,62,5.758,Healthy life expectancy,0.828,0.0
Hungary,62,5.758,Perceptions of corruption,0.02,0.0
Iceland,4,7.494,Freedom to make life choices,0.591,0.0
Iceland,4,7.494,GDP per capita,1.38,0.0
Iceland,4,7.494,Generosity,0.354,0.0
Iceland,4,7.494,Healthy life expectancy,1.026,0.0
Iceland,4,7.494,Perceptions of corruption,0.118,0.0
Iceland,4,7.554,Freedom to make life choices,0.0,0.698
Iceland,4,7.554,GDP per capita,0.0,1.482
Iceland,4,7.554,Generosity,0.0,0.293
Iceland,4,7.554,Healthy life expectancy,0.0,0.772
Iceland,4,7.554,Perceptions of corruption,0.0,0.17
India,139,3.819,Freedom to make life choices,0.0,0.622
India,139,3.819,GDP per capita,0.0,0.741
India,139,3.819,Generosity,0.0,0.246
India,139,3.819,Healthy life expectancy,0.0,0.383
India,139,3.819,Perceptions of corruption,0.0,0.106
India,140,4.015,Freedom to make life choices,0.498,0.0
India,140,4.015,GDP per capita,0.755,0.0
India,140,4.015,Generosity,0.2,0.0
India,140,4.015,Healthy life expectancy,0.588,0.0
India,140,4.015,Perceptions of corruption,0.085,0.0
Indonesia,82,5.345,Freedom to make life choices,0.0,0.598
Indonesia,82,5.345,GDP per capita,0.0,0.954
Indonesia,82,5.345,Generosity,0.0,0.541
Indonesia,82,5.345,Healthy life expectancy,0.0,0.433
Indonesia,82,5.345,Perceptions of corruption,0.0,0.046
Indonesia,92,5.192,Freedom to make life choices,0.491,0.0
Indonesia,92,5.192,GDP per capita,0.931,0.0
Indonesia,92,5.192,Generosity,0.498,0.0
Indonesia,92,5.192,Healthy life expectancy,0.66,0.0
Indonesia,92,5.192,Perceptions of corruption,0.028,0.0
Iran,117,4.548,Freedom to make life choices,0.305,0.0
Iran,117,4.548,GDP per capita,1.1,0.0
Iran,117,4.548,Generosity,0.27,0.0
Iran,117,4.548,Healthy life expectancy,0.785,0.0
Iran,117,4.548,Perceptions of corruption,0.125,0.0
Iran,118,4.721,Freedom to make life choices,0.0,0.275
Iran,118,4.721,GDP per capita,0.0,1.03
Iran,118,4.721,Generosity,0.0,0.33
Iran,118,4.721,Healthy life expectancy,0.0,0.561
Iran,118,4.721,Perceptions of corruption,0.0,0.144
Iraq,111,4.854,Freedom to make life choices,0.0,0.302
Iraq,111,4.854,GDP per capita,0.0,0.91
Iraq,111,4.854,Generosity,0.0,0.153
Iraq,111,4.854,Healthy life expectancy,0.0,0.381
Iraq,111,4.854,Perceptions of corruption,0.0,0.041
Iraq,126,4.437,Freedom to make life choices,0.241,0.0
Iraq,126,4.437,GDP per capita,1.043,0.0
Iraq,126,4.437,Generosity,0.148,0.0
Iraq,126,4.437,Healthy life expectancy,0.574,0.0
Iraq,126,4.437,Perceptions of corruption,0.089,0.0
Ireland,15,7.085,Freedom to make life choices,0.0,0.606
Ireland,15,7.085,GDP per capita,0.0,1.644
Ireland,15,7.085,Generosity,0.0,0.238
Ireland,15,7.085,Healthy life expectancy,0.0,0.753
Ireland,15,7.085,Perceptions of corruption,0.0,0.367
Ireland,16,7.021,Freedom to make life choices,0.516,0.0
Ireland,16,7.021,GDP per capita,1.499,0.0
Ireland,16,7.021,Generosity,0.298,0.0
Ireland,16,7.021,Healthy life expectancy,0.999,0.0
Ireland,16,7.021,Perceptions of corruption,0.31,0.0
Israel,12,7.157,Freedom to make life choices,0.0,0.509
Israel,12,7.157,GDP per capita,0.0,1.376
Israel,12,7.157,Generosity,0.0,0.208
Israel,12,7.157,Healthy life expectancy,0.0,0.788
Israel,12,7.157,Perceptions of corruption,0.0,0.119
Israel,13,7.139,Freedom to make life choices,0.371,0.0
Israel,13,7.139,GDP per capita,1.276,0.0
Israel,13,7.139,Generosity,0.261,0.0
Israel,13,7.139,Healthy life expectancy,1.029,0.0
Israel,13,7.139,Perceptions of corruption,0.082,0.0
Italy,28,6.483,Freedom to make life choices,0.0,0.379
Italy,28,6.483,GDP per capita,0.0,1.393
Italy,28,6.483,Generosity,0.0,0.133
Italy,28,6.483,Healthy life expectancy,0.0,0.798
Italy,28,6.483,Perceptions of corruption,0.0,0.047
Italy,36,6.223,Freedom to make life choices,0.231,0.0
Italy,36,6.223,GDP per capita,1.294,0.0
Italy,36,6.223,Generosity,0.158,0.0
Italy,36,6.223,Healthy life expectancy,1.039,0.0
Italy,36,6.223,Perceptions of corruption,0.03,0.0
Ivory Coast,85,5.306,Freedom to make life choices,0.0,0.438
Ivory Coast,85,5.306,GDP per capita,0.0,0.669
Ivory Coast,85,5.306,Generosity,0.0,0.177
Ivory Coast,85,5.306,Healthy life expectancy,0.0,0.052
Ivory Coast,85,5.306,Perceptions of corruption,0.0,0.092
Ivory Coast,99,4.944,Freedom to make life choices,0.352,0.0
Ivory Coast,99,4.944,GDP per capita,0.569,0.0
Ivory Coast,99,4.944,Generosity,0.154,0.0
Ivory Coast,99,4.944,Healthy life expectancy,0.232,0.0
Ivory Coast,99,4.944,Perceptions of corruption,0.09,0.0
Jamaica,37,6.309,Freedom to make life choices,0.0,0.618
Jamaica,37,6.309,GDP per capita,0.0,0.891
Jamaica,37,6.309,Generosity,0.0,0.099
Jamaica,37,6.309,Healthy life expectancy,0.0,0.599
Jamaica,37,6.309,Perceptions of corruption,0.0,0.035
Jamaica,56,5.89,Freedom to make life choices,0.49,0.0
Jamaica,56,5.89,GDP per capita,0.831,0.0
Jamaica,56,5.89,Generosity,0.107,0.0
Jamaica,56,5.89,Healthy life expectancy,0.831,0.0
Jamaica,56,5.89,Perceptions of corruption,0.028,0.0
Japan,56,5.94,Freedom to make life choices,0.0,0.504
Japan,56,5.94,GDP per capita,0.0,1.389
Japan,56,5.94,Generosity,0.0,0.02
Japan,56,5.94,Healthy life expectancy,0.0,0.838
Japan,56,5.94,Perceptions of corruption,0.0,0.192
Japan,58,5.886,Freedom to make life choices,0.445,0.0
Japan,58,5.886,GDP per capita,1.327,0.0
Japan,58,5.886,Generosity,0.069,0.0
Japan,58,5.886,Healthy life expectancy,1.088,0.0
Japan,58,5.886,Perceptions of corruption,0.14,0.0
Jordan,101,4.906,Freedom to make life choices,0.383,0.0
Jordan,101,4.906,GDP per capita,0.837,0.0
Jordan,101,4.906,Generosity,0.11,0.0
Jordan,101,4.906,Healthy life expectancy,0.815,0.0
Jordan,101,4.906,Perceptions of corruption,0.13,0.0
Jordan,127,4.395,Freedom to make life choices,0.0,0.455
Jordan,127,4.395,GDP per capita,0.0,0.89
Jordan,127,4.395,Generosity,0.0,0.079
Jordan,127,4.395,Healthy life expectancy,0.0,0.583
Jordan,127,4.395,Perceptions of corruption,0.0,0.15
Kazakhstan,45,6.152,Freedom to make life choices,0.0,0.573
Kazakhstan,45,6.152,GDP per capita,0.0,1.23
Kazakhstan,45,6.152,Generosity,0.0,0.143
Kazakhstan,45,6.152,Healthy life expectancy,0.0,0.527
Kazakhstan,45,6.152,Perceptions of corruption,0.0,0.132
Kazakhstan,60,5.809,Freedom to make life choices,0.41,0.0
Kazakhstan,60,5.809,GDP per capita,1.173,0.0
Kazakhstan,60,5.809,Generosity,0.146,0.0
Kazakhstan,60,5.809,Healthy life expectancy,0.729,0.0
Kazakhstan,60,5.809,Perceptions of corruption,0.096,0.0
Kenya,121,4.509,Freedom to make life choices,0.431,0.0
Kenya,121,4.509,GDP per capita,0.512,0.0
Kenya,121,4.509,Generosity,0.372,0.0
Kenya,121,4.509,Healthy life expectancy,0.581,0.0
Kenya,121,4.509,Perceptions of corruption,0.053,0.0
Kenya,121,4.607,Freedom to make life choices,0.0,0.483
Kenya,121,4.607,GDP per capita,0.0,0.603
Kenya,121,4.607,Generosity,0.0,0.375
Kenya,121,4.607,Healthy life expectancy,0.0,0.385
Kenya,121,4.607,Perceptions of corruption,0.0,0.073
Kosovo,33,6.372,Freedom to make life choices,0.0,0.593
Kosovo,33,6.372,GDP per capita,0.0,0.937
Kosovo,33,6.372,Generosity,0.0,0.356
Kosovo,33,6.372,Healthy life expectancy,0.0,0.483
Kosovo,33,6.372,Perceptions of corruption,0.0,0.014
Kosovo,46,6.1,Freedom to make life choices,0.489,0.0
Kosovo,46,6.1,GDP per capita,0.882,0.0
Kosovo,46,6.1,Generosity,0.262,0.0
Kosovo,46,6.1,Healthy life expectancy,0.758,0.0
Kosovo,46,6.1,Perceptions of corruption,0.006,0.0
Kuwait,47,6.106,Freedom to make life choices,0.0,0.591
Kuwait,47,6.106,GDP per capita,0.0,1.461
Kuwait,47,6.106,Generosity,0.0,0.12
Kuwait,47,6.106,Healthy life expectancy,0.0,0.58
Kuwait,47,6.106,Perceptions of corruption,0.0,0.13
Kuwait,51,6.021,Freedom to make life choices,0.493,0.0
Kuwait,51,6.021,GDP per capita,1.5,0.0
Kuwait,51,6.021,Generosity,0.142,0.0
Kuwait,51,6.021,Healthy life expectancy,0.808,0.0
Kuwait,51,6.021,Perceptions of corruption,0.097,0.0
Kyrgyzstan,67,5.744,Freedom to make life choices,0.0,0.673
Kyrgyzstan,67,5.744,GDP per capita,0.0,0.665
Kyrgyzstan,67,5.744,Generosity,0.0,0.266
Kyrgyzstan,67,5.744,Healthy life expectancy,0.0,0.501
Kyrgyzstan,67,5.744,Perceptions of corruption,0.0,0.02
Kyrgyzstan,86,5.261,Freedom to make life choices,0.508,0.0
Kyrgyzstan,86,5.261,GDP per capita,0.551,0.0
Kyrgyzstan,86,5.261,Generosity,0.3,0.0
Kyrgyzstan,86,5.261,Healthy life expectancy,0.723,0.0
Kyrgyzstan,86,5.261,Perceptions of corruption,0.023,0.0
Laos,100,5.03,Freedom to make life choices,0.0,0.643
Laos,100,5.03,GDP per capita,0.0,0.808
Laos,100,5.03,Generosity,0.0,0.268
Laos,100,5.03,Healthy life expectancy,0.0,0.33
Laos,100,5.03,Perceptions of corruption,0.0,0.179
Laos,105,4.796,Freedom to make life choices,0.547,0.0
Laos,105,4.796,GDP per capita,0.764,0.0
Laos,105,4.796,Generosity,0.266,0.0
Laos,105,4.796,Healthy life expectancy,0.551,0.0
Laos,105,4.796,Perceptions of corruption,0.164,0.0
Latvia,51,6.032,Freedom to make life choices,0.0,0.405
Latvia,51,6.032,GDP per capita,0.0,1.285
Latvia,51,6.032,Generosity,0.0,0.082
Latvia,51,6.032,Healthy life expectancy,0.0,0.587
Latvia,51,6.032,Perceptions of corruption,0.0,0.089
Latvia,53,5.94,Freedom to make life choices,0.264,0.0
Latvia,53,5.94,GDP per capita,1.187,0.0
Latvia,53,5.94,Generosity,0.075,0.0
Latvia,53,5.94,Healthy life expectancy,0.812,0.0
Latvia,53,5.94,Perceptions of corruption,0.064,0.0
Lebanon,91,5.197,Freedom to make life choices,0.216,0.0
Lebanon,91,5.197,GDP per capita,0.987,0.0
Lebanon,91,5.197,Generosity,0.166,0.0
Lebanon,91,5.197,Healthy life expectancy,0.815,0.0
Lebanon,91,5.197,Perceptions of corruption,0.027,0.0
Lebanon,123,4.584,Freedom to make life choices,0.0,0.175
Lebanon,123,4.584,GDP per capita,0.0,1.045
Lebanon,123,4.584,Generosity,0.0,0.14
Lebanon,123,4.584,Healthy life expectancy,0.0,0.595
Lebanon,123,4.584,Perceptions of corruption,0.0,0.026
Lesotho,144,3.802,Freedom to make life choices,0.359,0.0
Lesotho,144,3.802,GDP per capita,0.489,0.0
Lesotho,144,3.802,Generosity,0.107,0.0
Lesotho,144,3.802,Healthy life expectancy,0.168,0.0
Lesotho,144,3.802,Perceptions of corruption,0.093,0.0
Lesotho,145,3.512,Freedom to make life choices,0.0,0.405
Lesotho,145,3.512,GDP per capita,0.0,0.451
Lesotho,145,3.512,Generosity,0.0,0.103
Lesotho,145,3.512,Healthy life expectancy,0.0,0.007
Lesotho,145,3.512,Perceptions of corruption,0.0,0.015
Liberia,120,4.625,Freedom to make life choices,0.0,0.43
Liberia,120,4.625,GDP per capita,0.0,0.228
Liberia,120,4.625,Generosity,0.0,0.221
Liberia,120,4.625,Healthy life expectancy,0.0,0.253
Liberia,120,4.625,Perceptions of corruption,0.0,0.057
Liberia,141,3.975,Freedom to make life choices,0.37,0.0
Liberia,141,3.975,GDP per capita,0.073,0.0
Liberia,141,3.975,Generosity,0.233,0.0
Liberia,141,3.975,Healthy life expectancy,0.443,0.0
Liberia,141,3.975,Perceptions of corruption,0.033,0.0
Libya,72,5.525,Freedom to make life choices,0.416,0.0
Libya,72,5.525,GDP per capita,1.044,0.0
Libya,72,5.525,Generosity,0.133,0.0
Libya,72,5.525,Healthy life expectancy,0.673,0.0
Libya,72,5.525,Perceptions of corruption,0.152,0.0
Libya,80,5.41,Freedom to make life choices,0.0,0.474
Libya,80,5.41,GDP per capita,0.0,1.044
Libya,80,5.41,Generosity,0.0,0.131
Libya,80,5.41,Healthy life expectancy,0.0,0.435
Libya,80,5.41,Perceptions of corruption,0.0,0.174
Lithuania,38,6.255,Freedom to make life choices,0.0,0.476
Lithuania,38,6.255,GDP per capita,0.0,1.35
Lithuania,38,6.255,Generosity,0.0,0.056
Lithuania,38,6.255,Healthy life expectancy,0.0,0.612
Lithuania,38,6.255,Perceptions of corruption,0.0,0.073
Lithuania,42,6.149,Freedom to make life choices,0.291,0.0
Lithuania,42,6.149,GDP per capita,1.238,0.0
Lithuania,42,6.149,Generosity,0.043,0.0
Lithuania,42,6.149,Healthy life expectancy,0.818,0.0
Lithuania,42,6.149,Perceptions of corruption,0.042,0.0
Luxembourg,8,7.324,Freedom to make life choices,0.0,0.639
Luxembourg,8,7.324,GDP per capita,0.0,1.751
Luxembourg,8,7.324,Generosity,0.0,0.166
Luxembourg,8,7.324,Healthy life expectancy,0.0,0.76
Luxembourg,8,7.324,Perceptions of corruption,0.0,0.353
Luxembourg,14,7.09,Freedom to make life choices,0.526,0.0
Luxembourg,14,7.09,GDP per capita,1.609,0.0
Luxembourg,14,7.09,Generosity,0.194,0.0
Luxembourg,14,7.09,Healthy life expectancy,1.012,0.0
Luxembourg,14,7.09,Perceptions of corruption,0.316,0.0
Madagascar,135,4.208,Freedom to make life choices,0.0,0.207
Madagascar,135,4.208,GDP per capita,0.0,0.266
Madagascar,135,4.208,Generosity,0.0,0.185
Madagascar,135,4.208,Healthy life expectancy,0.0,0.341
Madagascar,135,4.208,Perceptions of corruption,0.0,0.087
Madagascar,143,3.933,Freedom to make life choices,0.148,0.0
Madagascar,143,3.933,GDP per capita,0.274,0.0
Madagascar,143,3.933,Generosity,0.169,0.0
Madagascar,143,3.933,Healthy life expectancy,0.555,0.0
Madagascar,143,3.933,Perceptions of corruption,0.041,0.0
Malawi,144,3.6,Freedom to make life choices,0.0,0.484
Malawi,144,3.6,GDP per capita,0.0,0.113
Malawi,144,3.6,Generosity,0.0,0.213
Malawi,144,3.6,Healthy life expectancy,0.0,0.298
Malawi,144,3.6,Perceptions of corruption,0.0,0.134
Malawi,150,3.41,Freedom to make life choices,0.443,0.0
Malawi,150,3.41,GDP per capita,0.191,0.0
Malawi,150,3.41,Generosity,0.218,0.0
Malawi,150,3.41,Healthy life expectancy,0.495,0.0
Malawi,150,3.41,Perceptions of corruption,0.089,0.0
Malaysia,80,5.339,Freedom to make life choices,0.508,0.0
Malaysia,80,5.339,GDP per capita,1.221,0.0
Malaysia,80,5.339,Generosity,0.26,0.0
Malaysia,80,5.339,Healthy life expectancy,0.828,0.0
Malaysia,80,5.339,Perceptions of corruption,0.024,0.0
Malaysia,81,5.384,Freedom to make life choices,0.0,0.624
Malaysia,81,5.384,GDP per capita,0.0,1.259
Malaysia,81,5.384,Generosity,0.0,0.27
Malaysia,81,5.384,Healthy life expectancy,0.0,0.587
Malaysia,81,5.384,Perceptions of corruption,0.0,0.064
Maldives,89,5.198,Freedom to make life choices,0.0,0.575
Maldives,89,5.198,GDP per capita,0.0,1.115
Maldives,89,5.198,Generosity,0.0,0.204
Maldives,89,5.198,Healthy life expectancy,0.0,0.697
Maldives,89,5.198,Perceptions of corruption,0.0,0.073
Mali,117,4.723,Freedom to make life choices,0.0,0.384
Mali,117,4.723,GDP per capita,0.0,0.387
Mali,117,4.723,Generosity,0.0,0.164
Mali,117,4.723,Healthy life expectancy,0.0,0.11
Mali,117,4.723,Perceptions of corruption,0.0,0.072
Mali,128,4.39,Freedom to make life choices,0.327,0.0
Mali,128,4.39,GDP per capita,0.385,0.0
Mali,128,4.39,Generosity,0.153,0.0
Mali,128,4.39,Healthy life expectancy,0.308,0.0
Mali,128,4.39,Perceptions of corruption,0.052,0.0
Malta,22,6.726,Freedom to make life choices,0.564,0.0
Malta,22,6.726,GDP per capita,1.3,0.0
Malta,22,6.726,Generosity,0.375,0.0
Malta,22,6.726,Healthy life expectancy,0.999,0.0
Malta,22,6.726,Perceptions of corruption,0.151,0.0
Malta,23,6.602,Freedom to make life choices,0.0,0.664
Malta,23,6.602,GDP per capita,0.0,1.411
Malta,23,6.602,Generosity,0.0,0.275
Malta,23,6.602,Healthy life expectancy,0.0,0.747
Malta,23,6.602,Perceptions of corruption,0.0,0.183
Mauritania,122,4.49,Freedom to make life choices,0.066,0.0
Mauritania,122,4.49,GDP per capita,0.57,0.0
Mauritania,122,4.49,Generosity,0.106,0.0
Mauritania,122,4.49,Healthy life expectancy,0.489,0.0
Mauritania,122,4.49,Perceptions of corruption,0.088,0.0
Mauritania,134,4.227,Freedom to make life choices,0.0,0.218
Mauritania,134,4.227,GDP per capita,0.0,0.666
Mauritania,134,4.227,Generosity,0.0,0.119
Mauritania,134,4.227,Healthy life expectancy,0.0,0.273
Mauritania,134,4.227,Perceptions of corruption,0.0,0.133
Mauritius,50,6.049,Freedom to make life choices,0.0,0.59
Mauritius,50,6.049,GDP per capita,0.0,1.178
Mauritius,50,6.049,Generosity,0.0,0.153
Mauritius,50,6.049,Healthy life expectancy,0.0,0.574
Mauritius,50,6.049,Perceptions of corruption,0.0,0.096
Mauritius,57,5.888,Freedom to make life choices,0.498,0.0
Mauritius,57,5.888,GDP per capita,1.12,0.0
Mauritius,57,5.888,Generosity,0.215,0.0
Mauritius,57,5.888,Healthy life expectancy,0.798,0.0
Mauritius,57,5.888,Perceptions of corruption,0.06,0.0
Mexico,23,6.595,Freedom to make life choices,0.433,0.0
Mexico,23,6.595,GDP per capita,1.07,0.0
Mexico,23,6.595,Generosity,0.074,0.0
Mexico,23,6.595,Healthy life expectancy,0.861,0.0
Mexico,23,6.595,Perceptions of corruption,0.073,0.0
Mexico,36,6.317,Freedom to make life choices,0.0,0.585
Mexico,36,6.317,GDP per capita,0.0,1.126
Mexico,36,6.317,Generosity,0.0,0.092
Mexico,36,6.317,Healthy life expectancy,0.0,0.634
Mexico,36,6.317,Perceptions of corruption,0.0,0.089
Moldova,65,5.766,Freedom to make life choices,0.0,0.536
Moldova,65,5.766,GDP per capita,0.0,0.985
Moldova,65,5.766,Generosity,0.0,0.137
Moldova,65,5.766,Healthy life expectancy,0.0,0.542
Moldova,65,5.766,Perceptions of corruption,0.0,0.013
Moldova,71,5.529,Freedom to make life choices,0.245,0.0
Moldova,71,5.529,GDP per capita,0.685,0.0
Moldova,71,5.529,Generosity,0.181,0.0
Moldova,71,5.529,Healthy life expectancy,0.739,0.0
Moldova,71,5.529,Perceptions of corruption,0.0,0.0
Mongolia,70,5.677,Freedom to make life choices,0.0,0.397
Mongolia,70,5.677,GDP per capita,0.0,0.966
Mongolia,70,5.677,Generosity,0.0,0.263
Mongolia,70,5.677,Healthy life expectancy,0.0,0.442
Mongolia,70,5.677,Perceptions of corruption,0.0,0.053
Mongolia,83,5.285,Freedom to make life choices,0.317,0.0
Mongolia,83,5.285,GDP per capita,0.948,0.0
Mongolia,83,5.285,Generosity,0.235,0.0
Mongolia,83,5.285,Healthy life expectancy,0.667,0.0
Mongolia,83,5.285,Perceptions of corruption,0.038,0.0
Montenegro,72,5.581,Freedom to make life choices,0.0,0.397
Montenegro,72,5.581,GDP per capita,0.0,1.155
Montenegro,72,5.581,Generosity,0.0,0.166
Montenegro,72,5.581,Healthy life expectancy,0.0,0.637
Montenegro,72,5.581,Perceptions of corruption,0.0,0.081
Montenegro,73,5.523,Freedom to make life choices,0.197,0.0
Montenegro,73,5.523,GDP per capita,1.051,0.0
Montenegro,73,5.523,Generosity,0.142,0.0
Montenegro,73,5.523,Healthy life expectancy,0.871,0.0
Montenegro,73,5.523,Perceptions of corruption,0.08,0.0
Morocco,89,5.208,Freedom to make life choices,0.418,0.0
Morocco,89,5.208,GDP per capita,0.801,0.0
Morocco,89,5.208,Generosity,0.036,0.0
Morocco,89,5.208,Healthy life expectancy,0.782,0.0
Morocco,89,5.208,Perceptions of corruption,0.076,0.0
Morocco,106,4.918,Freedom to make life choices,0.0,0.477
Morocco,106,4.918,GDP per capita,0.0,0.792
Morocco,106,4.918,Generosity,0.0,0.034
Morocco,106,4.918,Healthy life expectancy,0.0,0.558
Morocco,106,4.918,Perceptions of corruption,0.0,0.088
Mozambique,115,4.794,Freedom to make life choices,0.0,0.608
Mozambique,115,4.794,GDP per capita,0.0,0.183
Mozambique,115,4.794,Generosity,0.0,0.228
Mozambique,115,4.794,Healthy life expectancy,0.0,0.196
Mozambique,115,4.794,Perceptions of corruption,0.0,0.163
Mozambique,123,4.466,Freedom to make life choices,0.494,0.0
Mozambique,123,4.466,GDP per capita,0.204,0.0
Mozambique,123,4.466,Generosity,0.197,0.0
Mozambique,123,4.466,Healthy life expectancy,0.39,0.0
Mozambique,123,4.466,Perceptions of corruption,0.138,0.0
Myanmar,126,4.426,Freedom to make life choices,0.0,0.601
Myanmar,126,4.426,GDP per capita,0.0,0.666
Myanmar,126,4.426,Generosity,0.0,0.52
Myanmar,126,4.426,Healthy life expectancy,0.0,0.341
Myanmar,126,4.426,Perceptions of corruption,0.0,0.178
Myanmar,131,4.36,Freedom to make life choices,0.525,0.0
Myanmar,131,4.36,GDP per capita,0.71,0.0
Myanmar,131,4.36,Generosity,0.566,0.0
Myanmar,131,4.36,Healthy life expectancy,0.555,0.0
Myanmar,131,4.36,Perceptions of corruption,0.172,0.0
Namibia,113,4.639,Freedom to make life choices,0.401,0.0
Namibia,113,4.639,GDP per capita,0.879,0.0
Namibia,113,4.639,Generosity,0.07,0.0
Namibia,113,4.639,Healthy life expectancy,0.477,0.0
Namibia,113,4.639,Perceptions of corruption,0.056,0.0
Namibia,124,4.574,Freedom to make life choices,0.0,0.411
Namibia,124,4.574,GDP per capita,0.0,0.882
Namibia,124,4.574,Generosity,0.0,0.091
Namibia,124,4.574,Healthy life expectancy,0.0,0.262
Namibia,124,4.574,Perceptions of corruption,0.0,0.059
Nepal,87,5.269,Freedom to make life choices,0.0,0.488
Nepal,87,5.269,GDP per capita,0.0,0.519
Nepal,87,5.269,Generosity,0.0,0.287
Nepal,87,5.269,Healthy life expectancy,0.0,0.496
Nepal,87,5.269,Perceptions of corruption,0.0,0.135
Nepal,100,4.913,Freedom to make life choices,0.439,0.0
Nepal,100,4.913,GDP per capita,0.446,0.0
Nepal,100,4.913,Generosity,0.285,0.0
Nepal,100,4.913,Healthy life expectancy,0.677,0.0
Nepal,100,4.913,Perceptions of corruption,0.089,0.0
Netherlands,5,7.464,Freedom to make life choices,0.0,0.647
Netherlands,5,7.464,GDP per capita,0.0,1.501
Netherlands,5,7.464,Generosity,0.0,0.302
Netherlands,5,7.464,Healthy life expectancy,0.0,0.753
Netherlands,5,7.464,Perceptions of corruption,0.0,0.384
Netherlands,5,7.488,Freedom to make life choices,0.557,0.0
Netherlands,5,7.488,GDP per capita,1.396,0.0
Netherlands,5,7.488,Generosity,0.322,0.0
Netherlands,5,7.488,Healthy life expectancy,0.999,0.0
Netherlands,5,7.488,Perceptions of corruption,0.298,0.0
New Zealand,8,7.307,Freedom to make life choices,0.585,0.0
New Zealand,8,7.307,GDP per capita,1.303,0.0
New Zealand,8,7.307,Generosity,0.33,0.0
New Zealand,8,7.307,Healthy life expectancy,1.026,0.0
New Zealand,8,7.307,Perceptions of corruption,0.38,0.0
New Zealand,9,7.277,Freedom to make life choices,0.0,0.665
New Zealand,9,7.277,GDP per capita,0.0,1.4
New Zealand,9,7.277,Generosity,0.0,0.276
New Zealand,9,7.277,Healthy life expectancy,0.0,0.785
New Zealand,9,7.277,Perceptions of corruption,0.0,0.445
Nicaragua,45,6.105,Freedom to make life choices,0.435,0.0
Nicaragua,45,6.105,GDP per capita,0.694,0.0
Nicaragua,45,6.105,Generosity,0.2,0.0
Nicaragua,45,6.105,Healthy life expectancy,0.835,0.0
Nicaragua,45,6.105,Perceptions of corruption,0.127,0.0
Nicaragua,55,5.972,Freedom to make life choices,0.0,0.553
Nicaragua,55,5.972,GDP per capita,0.0,0.693
Nicaragua,55,5.972,Generosity,0.0,0.201
Nicaragua,55,5.972,Healthy life expectancy,0.0,0.604
Nicaragua,55,5.972,Perceptions of corruption,0.0,0.176
Niger,96,5.074,Freedom to make life choices,0.0,0.516
Niger,96,5.074,GDP per capita,0.0,0.162
Niger,96,5.074,Generosity,0.0,0.2
Niger,96,5.074,Healthy life expectancy,0.0,0.167
Niger,96,5.074,Perceptions of corruption,0.0,0.157
Niger,114,4.628,Freedom to make life choices,0.318,0.0
Niger,114,4.628,GDP per capita,0.138,0.0
Niger,114,4.628,Generosity,0.188,0.0
Niger,114,4.628,Healthy life expectancy,0.366,0.0
Niger,114,4.628,Perceptions of corruption,0.102,0.0
Nigeria,85,5.265,Freedom to make life choices,0.426,0.0
Nigeria,85,5.265,GDP per capita,0.696,0.0
Nigeria,85,5.265,Generosity,0.215,0.0
Nigeria,85,5.265,Healthy life expectancy,0.245,0.0
Nigeria,85,5.265,Perceptions of corruption,0.041,0.0
Nigeria,116,4.759,Freedom to make life choices,0.0,0.433
Nigeria,116,4.759,GDP per capita,0.0,0.663
Nigeria,116,4.759,Generosity,0.0,0.212
Nigeria,116,4.759,Healthy life expectancy,0.0,0.051
Nigeria,116,4.759,Perceptions of corruption,0.0,0.039
North Cyprus,74,5.536,Freedom to make life choices,0.0,0.503
North Cyprus,74,5.536,GDP per capita,0.0,1.377
North Cyprus,74,5.536,Generosity,0.0,0.196
North Cyprus,74,5.536,Healthy life expectancy,0.0,0.801
North Cyprus,74,5.536,Perceptions of corruption,0.0,0.2
North Macedonia,84,5.274,Freedom to make life choices,0.345,0.0
North Macedonia,84,5.274,GDP per capita,0.983,0.0
North Macedonia,84,5.274,Generosity,0.185,0.0
North Macedonia,84,5.274,Healthy life expectancy,0.838,0.0
North Macedonia,84,5.274,Perceptions of corruption,0.034,0.0
North Macedonia,94,5.101,Freedom to make life choices,0.0,0.45
North Macedonia,94,5.101,GDP per capita,0.0,1.068
North Macedonia,94,5.101,Generosity,0.0,0.212
North Macedonia,94,5.101,Healthy life expectancy,0.0,0.535
North Macedonia,94,5.101,Perceptions of corruption,0.0,0.022
Northern Cyprus,64,5.718,Freedom to make life choices,0.417,0.0
Northern Cyprus,64,5.718,GDP per capita,1.263,0.0
Northern Cyprus,64,5.718,Generosity,0.191,0.0
Northern Cyprus,64,5.718,Healthy life expectancy,1.042,0.0
Northern Cyprus,64,5.718,Perceptions of corruption,0.162,0.0
Norway,3,7.554,Freedom to make life choices,0.603,0.0
Norway,3,7.554,GDP per capita,1.488,0.0
Norway,3,7.554,Generosity,0.271,0.0
Norway,3,7.554,Healthy life expectancy,1.028,0.0
Norway,3,7.554,Perceptions of corruption,0.341,0.0
Norway,6,7.392,Freedom to make life choices,0.0,0.703
Norway,6,7.392,GDP per capita,0.0,1.543
Norway,6,7.392,Generosity,0.0,0.249
Norway,6,7.392,Healthy life expectancy,0.0,0.782
Norway,6,7.392,Perceptions of corruption,0.0,0.427
Pakistan,67,5.653,Freedom to make life choices,0.313,0.0
Pakistan,67,5.653,GDP per capita,0.677,0.0
Pakistan,67,5.653,Generosity,0.22,0.0
Pakistan,67,5.653,Healthy life expectancy,0.535,0.0
Pakistan,67,5.653,Perceptions of corruption,0.098,0.0
Pakistan,105,4.934,Freedom to make life choices,0.0,0.418
Pakistan,105,4.934,GDP per capita,0.0,0.637
Pakistan,105,4.934,Generosity,0.0,0.252
Pakistan,105,4.934,Healthy life expectancy,0.0,0.322
Pakistan,105,4.934,Perceptions of corruption,0.0,0.097
Palestinian Territories,110,4.696,Freedom to make life choices,0.225,0.0
Palestinian Territories,110,4.696,GDP per capita,0.657,0.0
Palestinian Territories,110,4.696,Generosity,0.103,0.0
Palestinian Territories,110,4.696,Healthy life expectancy,0.672,0.0
Palestinian Territories,110,4.696,Perceptions of corruption,0.066,0.0
Palestinian Territories,125,4.517,Freedom to make life choices,0.0,0.33
Palestinian Territories,125,4.517,GDP per capita,0.0,0.646
Palestinian Territories,125,4.517,Generosity,0.0,0.082
Palestinian Territories,125,4.517,Healthy life expectancy,0.0,0.434
Palestinian Territories,125,4.517,Perceptions of corruption,0.0,0.075
Panama,31,6.321,Freedom to make life choices,0.516,0.0
Panama,31,6.321,GDP per capita,1.149,0.0
Panama,31,6.321,Generosity,0.109,0.0
Panama,31,6.321,Healthy life expectancy,0.91,0.0
Panama,31,6.321,Perceptions of corruption,0.054,0.0
Panama,41,6.18,Freedom to make life choices,0.0,0.596
Panama,41,6.18,GDP per capita,0.0,1.298
Panama,41,6.18,Generosity,0.0,0.079
Panama,41,6.18,Healthy life expectancy,0.0,0.667
Panama,41,6.18,Perceptions of corruption,0.0,0.053
Paraguay,63,5.743,Freedom to make life choices,0.514,0.0
Paraguay,63,5.743,GDP per capita,0.855,0.0
Paraguay,63,5.743,Generosity,0.184,0.0
Paraguay,63,5.743,Healthy life expectancy,0.777,0.0
Paraguay,63,5.743,Perceptions of corruption,0.08,0.0
Paraguay,71,5.653,Freedom to make life choices,0.0,0.602
Paraguay,71,5.653,GDP per capita,0.0,0.983
Paraguay,71,5.653,Generosity,0.0,0.206
Paraguay,71,5.653,Healthy life expectancy,0.0,0.549
Paraguay,71,5.653,Perceptions of corruption,0.0,0.037
Peru,63,5.84,Freedom to make life choices,0.0,0.536
Peru,63,5.84,GDP per capita,0.0,0.986
Peru,63,5.84,Generosity,0.0,0.087
Peru,63,5.84,Healthy life expectancy,0.0,0.623
Peru,63,5.84,Perceptions of corruption,0.0,0.031
Peru,65,5.697,Freedom to make life choices,0.455,0.0
Peru,65,5.697,GDP per capita,0.96,0.0
Peru,65,5.697,Generosity,0.083,0.0
Peru,65,5.697,Healthy life expectancy,0.854,0.0
Peru,65,5.697,Perceptions of corruption,0.027,0.0
Philippines,61,5.88,Freedom to make life choices,0.0,0.651
Philippines,61,5.88,GDP per capita,0.0,0.853
Philippines,61,5.88,Generosity,0.0,0.125
Philippines,61,5.88,Healthy life expectancy,0.0,0.426
Philippines,61,5.88,Perceptions of corruption,0.0,0.126
Philippines,69,5.631,Freedom to make life choices,0.558,0.0
Philippines,69,5.631,GDP per capita,0.807,0.0
Philippines,69,5.631,Generosity,0.117,0.0
Philippines,69,5.631,Healthy life expectancy,0.657,0.0
Philippines,69,5.631,Perceptions of corruption,0.107,0.0
Poland,40,6.182,Freedom to make life choices,0.483,0.0
Poland,40,6.182,GDP per capita,1.206,0.0
Poland,40,6.182,Generosity,0.117,0.0
Poland,40,6.182,Healthy life expectancy,0.884,0.0
Poland,40,6.182,Perceptions of corruption,0.05,0.0
Poland,44,6.166,Freedom to make life choices,0.0,0.558
Poland,44,6.166,GDP per capita,0.0,1.309
Poland,44,6.166,Generosity,0.0,0.08
Poland,44,6.166,Healthy life expectancy,0.0,0.668
Poland,44,6.166,Perceptions of corruption,0.0,0.13
Portugal,58,5.929,Freedom to make life choices,0.0,0.621
Portugal,58,5.929,GDP per capita,0.0,1.323
Portugal,58,5.929,Generosity,0.0,0.029
Portugal,58,5.929,Healthy life expectancy,0.0,0.76
Portugal,58,5.929,Perceptions of corruption,0.0,0.033
Portugal,66,5.693,Freedom to make life choices,0.508,0.0
Portugal,66,5.693,GDP per capita,1.221,0.0
Portugal,66,5.693,Generosity,0.047,0.0
Portugal,66,5.693,Healthy life expectancy,0.999,0.0
Portugal,66,5.693,Perceptions of corruption,0.025,0.0
Qatar,29,6.374,Freedom to make life choices,0.555,0.0
Qatar,29,6.374,GDP per capita,1.684,0.0
Qatar,29,6.374,Generosity,0.22,0.0
Qatar,29,6.374,Healthy life expectancy,0.871,0.0
Qatar,29,6.374,Perceptions of corruption,0.167,0.0
Romania,46,6.14,Freedom to make life choices,0.0,0.564
Romania,46,6.14,GDP per capita,0.0,1.275
Romania,46,6.14,Generosity,0.0,0.045
Romania,46,6.14,Healthy life expectancy,0.0,0.595
Romania,46,6.14,Perceptions of corruption,0.0,0.001
Romania,48,6.07,Freedom to make life choices,0.462,0.0
Romania,48,6.07,GDP per capita,1.162,0.0
Romania,48,6.07,Generosity,0.083,0.0
Romania,48,6.07,Healthy life expectancy,0.825,0.0
Romania,48,6.07,Perceptions of corruption,0.005,0.0
Russia,68,5.648,Freedom to make life choices,0.334,0.0
Russia,68,5.648,GDP per capita,1.183,0.0
Russia,68,5.648,Generosity,0.082,0.0
Russia,68,5.648,Healthy life expectancy,0.726,0.0
Russia,68,5.648,Perceptions of corruption,0.031,0.0
Russia,76,5.477,Freedom to make life choices,0.0,0.409
Russia,76,5.477,GDP per capita,0.0,1.241
Russia,76,5.477,Generosity,0.0,0.115
Russia,76,5.477,Healthy life expectancy,0.0,0.511
Russia,76,5.477,Perceptions of corruption,0.0,0.06
Rwanda,147,3.415,Freedom to make life choices,0.0,0.627
Rwanda,147,3.415,GDP per capita,0.0,0.364
Rwanda,147,3.415,Generosity,0.0,0.227
Rwanda,147,3.415,Healthy life expectancy,0.0,0.407
Rwanda,147,3.415,Perceptions of corruption,0.0,0.493
Rwanda,152,3.334,Freedom to make life choices,0.555,0.0
Rwanda,152,3.334,GDP per capita,0.359,0.0
Rwanda,152,3.334,Generosity,0.217,0.0
Rwanda,152,3.334,Healthy life expectancy,0.614,0.0
Rwanda,152,3.334,Perceptions of corruption,0.411,0.0
Saudi Arabia,26,6.494,Freedom to make life choices,0.0,0.603
Saudi Arabia,26,6.494,GDP per capita,0.0,1.435
Saudi Arabia,26,6.494,Generosity,0.0,0.09
Saudi Arabia,26,6.494,Healthy life expectancy,0.0,0.571
Saudi Arabia,26,6.494,Perceptions of corruption,0.0,0.163
Saudi Arabia,28,6.375,Freedom to make life choices,0.439,0.0
Saudi Arabia,28,6.375,GDP per capita,1.403,0.0
Saudi Arabia,28,6.375,Generosity,0.08,0.0
Saudi Arabia,28,6.375,Healthy life expectancy,0.795,0.0
Saudi Arabia,28,6.375,Perceptions of corruption,0.132,0.0
Senegal,92,5.132,Freedom to make life choices,0.0,0.381
Senegal,92,5.132,GDP per capita,0.0,0.518
Senegal,92,5.132,Generosity,0.0,0.158
Senegal,92,5.132,Healthy life expectancy,0.0,0.357
Senegal,92,5.132,Perceptions of corruption,0.0,0.088
Senegal,111,4.681,Freedom to make life choices,0.292,0.0
Senegal,111,4.681,GDP per capita,0.45,0.0
Senegal,111,4.681,Generosity,0.153,0.0
Senegal,111,4.681,Healthy life expectancy,0.571,0.0
Senegal,111,4.681,Perceptions of corruption,0.072,0.0
Serbia,48,6.078,Freedom to make life choices,0.0,0.482
Serbia,48,6.078,GDP per capita,0.0,1.101
Serbia,48,6.078,Generosity,0.0,0.189
Serbia,48,6.078,Healthy life expectancy,0.0,0.634
Serbia,48,6.078,Perceptions of corruption,0.0,0.066
Serbia,70,5.603,Freedom to make life choices,0.282,0.0
Serbia,70,5.603,GDP per capita,1.004,0.0
Serbia,70,5.603,Generosity,0.137,0.0
Serbia,70,5.603,Healthy life expectancy,0.854,0.0
Serbia,70,5.603,Perceptions of corruption,0.039,0.0
Sierra Leone,129,4.374,Freedom to make life choices,0.309,0.0
Sierra Leone,129,4.374,GDP per capita,0.268,0.0
Sierra Leone,129,4.374,Generosity,0.252,0.0
Sierra Leone,129,4.374,Healthy life expectancy,0.242,0.0
Sierra Leone,129,4.374,Perceptions of corruption,0.045,0.0
Sierra Leone,138,3.849,Freedom to make life choices,0.0,0.408
Sierra Leone,138,3.849,GDP per capita,0.0,0.279
Sierra Leone,138,3.849,Generosity,0.0,0.243
Sierra Leone,138,3.849,Healthy life expectancy,0.0,0.1
Sierra Leone,138,3.849,Perceptions of corruption,0.0,0.047
Singapore,32,6.377,Freedom to make life choices,0.0,0.664
Singapore,32,6.377,GDP per capita,0.0,1.695
Singapore,32,6.377,Generosity,0.0,0.176
Singapore,32,6.377,Healthy life expectancy,0.0,0.897
Singapore,32,6.377,Perceptions of corruption,0.0,0.547
Singapore,34,6.262,Freedom to make life choices,0.556,0.0
Singapore,34,6.262,GDP per capita,1.572,0.0
Singapore,34,6.262,Generosity,0.271,0.0
Singapore,34,6.262,Healthy life expectancy,1.141,0.0
Singapore,34,6.262,Perceptions of corruption,0.453,0.0
Slovakia,34,6.331,Freedom to make life choices,0.0,0.468
Slovakia,34,6.331,GDP per capita,0.0,1.304
Slovakia,34,6.331,Generosity,0.0,0.107
Slovakia,34,6.331,Healthy life expectancy,0.0,0.653
Slovakia,34,6.331,Perceptions of corruption,0.0,0.018
Slovakia,38,6.198,Freedom to make life choices,0.334,0.0
Slovakia,38,6.198,GDP per capita,1.246,0.0
Slovakia,38,6.198,Generosity,0.121,0.0
Slovakia,38,6.198,Healthy life expectancy,0.881,0.0
Slovakia,38,6.198,Perceptions of corruption,0.014,0.0
Slovenia,29,6.461,Freedom to make life choices,0.0,0.69
Slovenia,29,6.461,GDP per capita,0.0,1.36
Slovenia,29,6.461,Generosity,0.0,0.122
Slovenia,29,6.461,Healthy life expectancy,0.0,0.722
Slovenia,29,6.461,Perceptions of corruption,0.0,0.085
Slovenia,44,6.118,Freedom to make life choices,0.564,0.0
Slovenia,44,6.118,GDP per capita,1.258,0.0
Slovenia,44,6.118,Generosity,0.144,0.0
Slovenia,44,6.118,Healthy life expectancy,0.953,0.0
Slovenia,44,6.118,Perceptions of corruption,0.057,0.0
Somalia,112,4.668,Freedom to make life choices,0.559,0.0
Somalia,112,4.668,GDP per capita,0.0,0.0
Somalia,112,4.668,Generosity,0.243,0.0
Somalia,112,4.668,Healthy life expectancy,0.268,0.0
Somalia,112,4.668,Perceptions of corruption,0.27,0.0
South Africa,103,4.956,Freedom to make life choices,0.0,0.447
South Africa,103,4.956,GDP per capita,0.0,0.967
South Africa,103,4.956,Generosity,0.0,0.144
South Africa,103,4.956,Healthy life expectancy,0.0,0.265
South Africa,103,4.956,Perceptions of corruption,0.0,0.051
South Africa,106,4.722,Freedom to make life choices,0.389,0.0
South Africa,106,4.722,GDP per capita,0.96,0.0
South Africa,106,4.722,Generosity,0.13,0.0
South Africa,106,4.722,Healthy life expectancy,0.469,0.0
South Africa,106,4.722,Perceptions of corruption,0.055,0.0
South Korea,54,5.895,Freedom to make life choices,0.159,0.0
South Korea,54,5.895,GDP per capita,1.301,0.0
South Korea,54,5.895,Generosity,0.175,0.0
South Korea,54,5.895,Healthy life expectancy,1.036,0.0
South Korea,54,5.895,Perceptions of corruption,0.056,0.0
South Korea,62,5.845,Freedom to make life choices,0.0,0.353
South Korea,62,5.845,GDP per capita,0.0,1.403
South Korea,62,5.845,Generosity,0.0,0.134
South Korea,62,5.845,Healthy life expectancy,0.0,0.801
South Korea,62,5.845,Perceptions of corruption,0.0,0.135
South Sudan,156,2.853,Freedom to make life choices,0.01,0.0
South Sudan,156,2.853,GDP per capita,0.306,0.0
South Sudan,156,2.853,Generosity,0.202,0.0
South Sudan,156,2.853,Healthy life expectancy,0.295,0.0
South Sudan,156,2.853,Perceptions of corruption,0.091,0.0
Spain,27,6.491,Freedom to make life choices,0.0,0.462
Spain,27,6.491,GDP per capita,0.0,1.375
Spain,27,6.491,Generosity,0.0,0.135
Spain,27,6.491,Healthy life expectancy,0.0,0.826
Spain,27,6.491,Perceptions of corruption,0.0,0.124
Spain,30,6.354,Freedom to make life choices,0.362,0.0
Spain,30,6.354,GDP per capita,1.286,0.0
Spain,30,6.354,Generosity,0.153,0.0
Spain,30,6.354,Healthy life expectancy,1.062,0.0
Spain,30,6.354,Perceptions of corruption,0.079,0.0
Sri Lanka,129,4.325,Freedom to make life choices,0.0,0.559
Sri Lanka,129,4.325,GDP per capita,0.0,0.99
Sri Lanka,129,4.325,Generosity,0.0,0.239
Sri Lanka,129,4.325,Healthy life expectancy,0.0,0.593
Sri Lanka,129,4.325,Perceptions of corruption,0.0,0.049
Sri Lanka,130,4.366,Freedom to make life choices,0.47,0.0
Sri Lanka,130,4.366,GDP per capita,0.949,0.0
Sri Lanka,130,4.366,Generosity,0.244,0.0
Sri Lanka,130,4.366,Healthy life expectancy,0.831,0.0
Sri Lanka,130,4.366,Perceptions of corruption,0.047,0.0
Swaziland,130,4.308,Freedom to make life choices,0.0,0.323
Swaziland,130,4.308,GDP per capita,0.0,0.849
Swaziland,130,4.308,Generosity,0.0,0.067
Swaziland,130,4.308,Healthy life expectancy,0.0,0.074
Swaziland,130,4.308,Perceptions of corruption,0.0,0.147
Swaziland,135,4.212,Freedom to make life choices,0.313,0.0
Swaziland,135,4.212,GDP per capita,0.811,0.0
Swaziland,135,4.212,Generosity,0.074,0.0
Swaziland,135,4.212,Healthy life expectancy,0.0,0.0
Swaziland,135,4.212,Perceptions of corruption,0.135,0.0
Sweden,7,7.343,Freedom to make life choices,0.574,0.0
Sweden,7,7.343,GDP per capita,1.387,0.0
Sweden,7,7.343,Generosity,0.267,0.0
Sweden,7,7.343,Healthy life expectancy,1.009,0.0
Sweden,7,7.343,Perceptions of corruption,0.373,0.0
Sweden,7,7.363,Freedom to make life choices,0.0,0.685
Sweden,7,7.363,GDP per capita,0.0,1.478
Sweden,7,7.363,Generosity,0.0,0.244
Sweden,7,7.363,Healthy life expectancy,0.0,0.763
Sweden,7,7.363,Perceptions of corruption,0.0,0.448
Switzerland,3,7.571,Freedom to make life choices,0.0,0.653
Switzerland,3,7.571,GDP per capita,0.0,1.566
Switzerland,3,7.571,Generosity,0.0,0.204
Switzerland,3,7.571,Healthy life expectancy,0.0,0.816
Switzerland,3,7.571,Perceptions of corruption,0.0,0.413
Switzerland,6,7.48,Freedom to make life choices,0.572,0.0
Switzerland,6,7.48,GDP per capita,1.452,0.0
Switzerland,6,7.48,Generosity,0.263,0.0
Switzerland,6,7.48,Healthy life expectancy,1.052,0.0
Switzerland,6,7.48,Perceptions of corruption,0.343,0.0
Syria,149,3.462,Freedom to make life choices,0.013,0.0
Syria,149,3.462,GDP per capita,0.619,0.0
Syria,149,3.462,Generosity,0.331,0.0
Syria,149,3.462,Healthy life expectancy,0.44,0.0
Syria,149,3.462,Perceptions of corruption,0.141,0.0
Taiwan,25,6.446,Freedom to make life choices,0.351,0.0
Taiwan,25,6.446,GDP per capita,1.368,0.0
Taiwan,25,6.446,Generosity,0.242,0.0
Taiwan,25,6.446,Healthy life expectancy,0.914,0.0
Taiwan,25,6.446,Perceptions of corruption,0.097,0.0
Taiwan Province of China,24,6.584,Freedom to make life choices,0.0,0.49
Taiwan Province of China,24,6.584,GDP per capita,0.0,1.48
Taiwan Province of China,24,6.584,Generosity,0.0,0.142
Taiwan Province of China,24,6.584,Healthy life expectancy,0.0,0.665
Taiwan Province of China,24,6.584,Perceptions of corruption,0.0,0.139
Tajikistan,74,5.467,Freedom to make life choices,0.389,0.0
Tajikistan,74,5.467,GDP per capita,0.493,0.0
Tajikistan,74,5.467,Generosity,0.23,0.0
Tajikistan,74,5.467,Healthy life expectancy,0.718,0.0
Tajikistan,74,5.467,Perceptions of corruption,0.144,0.0
Tajikistan,78,5.466,Freedom to make life choices,0.0,0.548
Tajikistan,78,5.466,GDP per capita,0.0,0.508
Tajikistan,78,5.466,Generosity,0.0,0.152
Tajikistan,78,5.466,Healthy life expectancy,0.0,0.498
Tajikistan,78,5.466,Perceptions of corruption,0.0,0.247
Tanzania,142,3.623,Freedom to make life choices,0.0,0.549
Tanzania,142,3.623,GDP per capita,0.0,0.433
Tanzania,142,3.623,Generosity,0.0,0.307
Tanzania,142,3.623,Healthy life expectancy,0.0,0.3
Tanzania,142,3.623,Perceptions of corruption,0.0,0.231
Tanzania,153,3.231,Freedom to make life choices,0.417,0.0
Tanzania,153,3.231,GDP per capita,0.476,0.0
Tanzania,153,3.231,Generosity,0.276,0.0
Tanzania,153,3.231,Healthy life expectancy,0.499,0.0
Tanzania,153,3.231,Perceptions of corruption,0.147,0.0
Thailand,52,6.008,Freedom to make life choices,0.557,0.0
Thailand,52,6.008,GDP per capita,1.05,0.0
Thailand,52,6.008,Generosity,0.359,0.0
Thailand,52,6.008,Healthy life expectancy,0.828,0.0
Thailand,52,6.008,Perceptions of corruption,0.028,0.0
Thailand,54,5.985,Freedom to make life choices,0.0,0.611
Thailand,54,5.985,GDP per capita,0.0,1.107
Thailand,54,5.985,Generosity,0.0,0.375
Thailand,54,5.985,Healthy life expectancy,0.0,0.596
Thailand,54,5.985,Perceptions of corruption,0.0,0.028
Togo,136,4.107,Freedom to make life choices,0.0,0.289
Togo,136,4.107,GDP per capita,0.0,0.254
Togo,136,4.107,Generosity,0.0,0.209
Togo,136,4.107,Healthy life expectancy,0.0,0.203
Togo,136,4.107,Perceptions of corruption,0.0,0.107
Togo,139,4.085,Freedom to make life choices,0.293,0.0
Togo,139,4.085,GDP per capita,0.275,0.0
Togo,139,4.085,Generosity,0.177,0.0
Togo,139,4.085,Healthy life expectancy,0.41,0.0
Togo,139,4.085,Perceptions of corruption,0.085,0.0
Trinidad & Tobago,39,6.192,Freedom to make life choices,0.489,0.0
Trinidad & Tobago,39,6.192,GDP per capita,1.231,0.0
Trinidad & Tobago,39,6.192,Generosity,0.185,0.0
Trinidad & Tobago,39,6.192,Healthy life expectancy,0.713,0.0
Trinidad & Tobago,39,6.192,Perceptions of corruption,0.016,0.0
Tunisia,122,4.596,Freedom to make life choices,0.0,0.334
Tunisia,122,4.596,GDP per capita,0.0,0.919
Tunisia,122,4.596,Generosity,0.0,0.057
Tunisia,122,4.596,Healthy life expectancy,0.0,0.59
Tunisia,122,4.596,Perceptions of corruption,0.0,0.044
Tunisia,124,4.461,Freedom to make life choices,0.167,0.0
Tunisia,124,4.461,GDP per capita,0.921,0.0
Tunisia,124,4.461,Generosity,0.059,0.0
Tunisia,124,4.461,Healthy life expectancy,0.815,0.0
Tunisia,124,4.461,Perceptions of corruption,0.055,0.0
Turkey,79,5.373,Freedom to make life choices,0.195,0.0
Turkey,79,5.373,GDP per capita,1.183,0.0
Turkey,79,5.373,Generosity,0.083,0.0
Turkey,79,5.373,Healthy life expectancy,0.808,0.0
Turkey,79,5.373,Perceptions of corruption,0.106,0.0
Turkey,104,4.948,Freedom to make life choices,0.0,0.236
Turkey,104,4.948,GDP per capita,0.0,1.26
Turkey,104,4.948,Generosity,0.0,0.097
Turkey,104,4.948,Healthy life expectancy,0.0,0.59
Turkey,104,4.948,Perceptions of corruption,0.0,0.104
Turkmenistan,87,5.247,Freedom to make life choices,0.394,0.0
Turkmenistan,87,5.247,GDP per capita,1.052,0.0
Turkmenistan,87,5.247,Generosity,0.244,0.0
Turkmenistan,87,5.247,Healthy life expectancy,0.657,0.0
Turkmenistan,87,5.247,Perceptions of corruption,0.028,0.0
Turkmenistan,97,5.066,Freedom to make life choices,0.0,0.602
Turkmenistan,97,5.066,GDP per capita,0.0,1.046
Turkmenistan,97,5.066,Generosity,0.0,0.366
Turkmenistan,97,5.066,Healthy life expectancy,0.0,0.439
Turkmenistan,97,5.066,Perceptions of corruption,0.0,0.033
Uganda,119,4.636,Freedom to make life choices,0.0,0.398
Uganda,119,4.636,GDP per capita,0.0,0.364
Uganda,119,4.636,Generosity,0.0,0.267
Uganda,119,4.636,Healthy life expectancy,0.0,0.24
Uganda,119,4.636,Perceptions of corruption,0.0,0.054
Uganda,136,4.189,Freedom to make life choices,0.356,0.0
Uganda,136,4.189,GDP per capita,0.332,0.0
Uganda,136,4.189,Generosity,0.252,0.0
Uganda,136,4.189,Healthy life expectancy,0.443,0.0
Uganda,136,4.189,Perceptions of corruption,0.06,0.0
Ukraine,110,4.875,Freedom to make life choices,0.0,0.417
Ukraine,110,4.875,GDP per capita,0.0,0.979
Ukraine,110,4.875,Generosity,0.0,0.181
Ukraine,110,4.875,Healthy life expectancy,0.0,0.517
Ukraine,110,4.875,Perceptions of corruption,0.0,0.01
Ukraine,133,4.332,Freedom to make life choices,0.178,0.0
Ukraine,133,4.332,GDP per capita,0.82,0.0
Ukraine,133,4.332,Generosity,0.187,0.0
Ukraine,133,4.332,Healthy life expectancy,0.739,0.0
Ukraine,133,4.332,Perceptions of corruption,0.01,0.0
United Arab Emirates,21,6.825,Freedom to make life choices,0.598,0.0
United Arab Emirates,21,6.825,GDP per capita,1.503,0.0
United Arab Emirates,21,6.825,Generosity,0.262,0.0
United Arab Emirates,21,6.825,Healthy life expectancy,0.825,0.0
United Arab Emirates,21,6.825,Perceptions of corruption,0.182,0.0
United Arab Emirates,25,6.561,Freedom to make life choices,0.0,0.67
United Arab Emirates,25,6.561,GDP per capita,0.0,1.555
United Arab Emirates,25,6.561,Generosity,0.0,0.236
United Arab Emirates,25,6.561,Healthy life expectancy,0.0,0.594
United Arab Emirates,25,6.561,Perceptions of corruption,0.0,0.223
United Kingdom,15,7.054,Freedom to make life choices,0.45,0.0
United Kingdom,15,7.054,GDP per capita,1.333,0.0
United Kingdom,15,7.054,Generosity,0.348,0.0
United Kingdom,15,7.054,Healthy life expectancy,0.996,0.0
United Kingdom,15,7.054,Perceptions of corruption,0.278,0.0
United Kingdom,17,7.064,Freedom to make life choices,0.0,0.58
United Kingdom,17,7.064,GDP per capita,0.0,1.423
United Kingdom,17,7.064,Generosity,0.0,0.34
United Kingdom,17,7.064,Healthy life expectancy,0.0,0.757
United Kingdom,17,7.064,Perceptions of corruption,0.0,0.306
United States,19,6.892,Freedom to make life choices,0.454,0.0
United States,19,6.892,GDP per capita,1.433,0.0
United States,19,6.892,Generosity,0.28,0.0
United States,19,6.892,Healthy life expectancy,0.874,0.0
United States,19,6.892,Perceptions of corruption,0.128,0.0
United States,19,6.951,Freedom to make life choices,0.0,0.554
United States,19,6.951,GDP per capita,0.0,1.533
United States,19,6.951,Generosity,0.0,0.252
United States,19,6.951,Healthy life expectancy,0.0,0.621
United States,19,6.951,Perceptions of corruption,0.0,0.154
Uruguay,31,6.431,Freedom to make life choices,0.0,0.625
Uruguay,31,6.431,GDP per capita,0.0,1.164
Uruguay,31,6.431,Generosity,0.0,0.128
Uruguay,31,6.431,Healthy life expectancy,0.0,0.649
Uruguay,31,6.431,Perceptions of corruption,0.0,0.223
Uruguay,33,6.293,Freedom to make life choices,0.523,0.0
Uruguay,33,6.293,GDP per capita,1.124,0.0
Uruguay,33,6.293,Generosity,0.127,0.0
Uruguay,33,6.293,Healthy life expectancy,0.891,0.0
Uruguay,33,6.293,Perceptions of corruption,0.15,0.0
Uzbekistan,41,6.174,Freedom to make life choices,0.631,0.0
Uzbekistan,41,6.174,GDP per capita,0.745,0.0
Uzbekistan,41,6.174,Generosity,0.322,0.0
Uzbekistan,41,6.174,Healthy life expectancy,0.756,0.0
Uzbekistan,41,6.174,Perceptions of corruption,0.24,0.0
Uzbekistan,42,6.179,Freedom to make life choices,0.0,0.716
Uzbekistan,42,6.179,GDP per capita,0.0,0.769
Uzbekistan,42,6.179,Generosity,0.0,0.391
Uzbekistan,42,6.179,Healthy life expectancy,0.0,0.528
Uzbekistan,42,6.179,Perceptions of corruption,0.0,0.271
Venezuela,107,4.892,Freedom to make life choices,0.0,0.284
Venezuela,107,4.892,GDP per capita,0.0,0.852
Venezuela,107,4.892,Generosity,0.0,0.078
Venezuela,107,4.892,Healthy life expectancy,0.0,0.574
Venezuela,107,4.892,Perceptions of corruption,0.0,0.072
Venezuela,108,4.707,Freedom to make life choices,0.154,0.0
Venezuela,108,4.707,GDP per capita,0.96,0.0
Venezuela,108,4.707,Generosity,0.064,0.0
Venezuela,108,4.707,Healthy life expectancy,0.805,0.0
Venezuela,108,4.707,Perceptions of corruption,0.047,0.0
Vietnam,79,5.411,Freedom to make life choices,0.0,0.679
Vietnam,79,5.411,GDP per capita,0.0,0.817
Vietnam,79,5.411,Generosity,0.0,0.124
Vietnam,79,5.411,Healthy life expectancy,0.0,0.616
Vietnam,79,5.411,Perceptions of corruption,0.0,0.091
Vietnam,94,5.175,Freedom to make life choices,0.543,0.0
Vietnam,94,5.175,GDP per capita,0.741,0.0
Vietnam,94,5.175,Generosity,0.147,0.0
Vietnam,94,5.175,Healthy life expectancy,0.851,0.0
Vietnam,94,5.175,Perceptions of corruption,0.073,0.0
Yemen,141,3.658,Freedom to make life choices,0.0,0.268
Yemen,141,3.658,GDP per capita,0.0,0.329
Yemen,141,3.658,Generosity,0.0,0.092
Yemen,141,3.658,Healthy life expectancy,0.0,0.272
Yemen,141,3.658,Perceptions of corruption,0.0,0.089
Yemen,151,3.38,Freedom to make life choices,0.143,0.0
Yemen,151,3.38,GDP per capita,0.287,0.0
Yemen,151,3.38,Generosity,0.108,0.0
Yemen,151,3.38,Healthy life expectancy,0.463,0.0
Yemen,151,3.38,Perceptions of corruption,0.077,0.0
Zambia,137,4.073,Freedom to make life choices,0.0,0.487
Zambia,137,4.073,GDP per capita,0.0,0.528
Zambia,137,4.073,Generosity,0.0,0.227
Zambia,137,4.073,Healthy life expectancy,0.0,0.231
Zambia,137,4.073,Perceptions of corruption,0.0,0.074
Zambia,138,4.107,Freedom to make life choices,0.431,0.0
Zambia,138,4.107,GDP per capita,0.578,0.0
Zambia,138,4.107,Generosity,0.247,0.0
Zambia,138,4.107,Healthy life expectancy,0.426,0.0
Zambia,138,4.107,Perceptions of corruption,0.087,0.0
Zimbabwe,146,3.663,Freedom to make life choices,0.361,0.0
Zimbabwe,146,3.663,GDP per capita,0.366,0.0
Zimbabwe,146,3.663,Generosity,0.151,0.0
Zimbabwe,146,3.663,Healthy life expectancy,0.433,0.0
Zimbabwe,146,3.663,Perceptions of corruption,0.089,0.0
Zimbabwe,148,3.145,Freedom to make life choices,0.0,0.359
Zimbabwe,148,3.145,GDP per capita,0.0,0.457
Zimbabwe,148,3.145,Generosity,0.0,0.157
Zimbabwe,148,3.145,Healthy life expectancy,0.0,0.243
Zimbabwe,148,3.145,Perceptions of corruption,0.0,0.075
